Protocollo;Gruppo;DataOraIncidente;Localizzazione1;STRADA1;Localizzazione2;STRADA2;Strada02;Chilometrica;DaSpecificare;NaturaIncidente;particolaritastrade;TipoStrada;FondoStradale;Pavimentazione;Segnaletica;CondizioneAtmosferica;Traffico;Visibilita;Illuminazione;NUM_FERITI;NUM_RISERVATA;NUM_MORTI;NUM_ILLESI;Longitudine;Latitudine;Confermato;Progressivo;TipoVeicolo;StatoVeicolo;TipoPersona;Sesso;Tipolesione;Deceduto;DecedutoDopo;CinturaCascoUtilizzato;Airbag
2332840;19;03/04/2015 18:50;Strada Urbana;VIA DI CASAL DEL MARMO;in prossimità;;del civico n.;208;;Tamponamento Multiplo;Rettilineo;Una carreggiata a doppio senso;Asciutto;Asfaltata;Orizzontale;Sereno;Intenso;Buona;Ore Diurne;3;0;0;1;12.40154;41.95434;-1;1;Autovettura privata;In marcia / fermata / arresto;Passeggero;F;Rimandato;0;NON DECEDUTO;Non accertato;Inesploso
2332840;19;03/04/2015 18:50;Strada Urbana;VIA DI CASAL DEL MARMO;in prossimità;;del civico n.;208;;Tamponamento Multiplo;Rettilineo;Una carreggiata a doppio senso;Asciutto;Asfaltata;Orizzontale;Sereno;Intenso;Buona;Ore Diurne;3;0;0;1;12.40154;41.95434;-1;2;Autovettura privata;In marcia / fermata / arresto;Conducente;F;Illeso;0;;Non accertato;Inesploso
2332840;19;03/04/2015 18:50;Strada Urbana;VIA DI CASAL DEL MARMO;in prossimità;;del civico n.;208;;Tamponamento Multiplo;Rettilineo;Una carreggiata a doppio senso;Asciutto;Asfaltata;Orizzontale;Sereno;Intenso;Buona;Ore Diurne;3;0;0;1;12.40154;41.95434;-1;3;Autovettura privata;In marcia / fermata / arresto;Conducente;M;Rimandato;0;NON DECEDUTO;;
2332843;12;05/04/2015 05:00;Strada Urbana;VIALE FILIPPO TOMMASO MARINETTI;da specificare;;;;DI VIA CLEMENTE REBORA;Veicolo in marcia contro veicoli in sosta;Rettilineo;Due carreggiate;Bagnato (pioggia);Asfaltata;Verticale ed orizzontale;Pioggia in atto;Scarso;Sufficiente;Sufficiente;0;0;0;1;12.47927;41.80743;-1;1;Autovettura privata;In marcia / fermata / arresto;Conducente;M;Illeso;0;;Utilizzato;Inesploso
2332846;1;06/04/2015 12:40;Strada Urbana;LUNGOTEVERE RAFFAELLO SANZIO;all'intersezione con;VIA COLOMBA ANTONIETTI;VIA COLOMBA ANTONIETTI;;;Scontro laterale fra veicoli in marcia;Incrocio;Una carreggiata a senso unico di marcia;Asciutto;Asfaltata;Verticale ed orizzontale;Sereno;Normale;Buona;Ore Diurne;0;0;0;4;12.47209;41.89077;-1;1;Motociclo con passeggero;In marcia / fermata / arresto;Conducente;M;Illeso;0;;;
2332846;1;06/04/2015 12:40;Strada Urbana;LUNGOTEVERE RAFFAELLO SANZIO;all'intersezione con;VIA COLOMBA ANTONIETTI;VIA COLOMBA ANTONIETTI;;;Scontro laterale fra veicoli in marcia;Incrocio;Una carreggiata a senso unico di marcia;Asciutto;Asfaltata;Verticale ed orizzontale;Sereno;Normale;Buona;Ore Diurne;0;0;0;4;12.47209;41.89077;-1;1;Motociclo con passeggero;In marcia / fermata / arresto;Passeggero;F;Illeso;0;;;
2332846;1;06/04/2015 12:40;Strada Urbana;LUNGOTEVERE RAFFAELLO SANZIO;all'intersezione con;VIA COLOMBA ANTONIETTI;VIA COLOMBA ANTONIETTI;;;Scontro laterale fra veicoli in marcia;Incrocio;Una carreggiata a senso unico di marcia;Asciutto;Asfaltata;Verticale ed orizzontale;Sereno;Normale;Buona;Ore Diurne;0;0;0;4;12.47209;41.89077;-1;2;Autovettura privata;In marcia / fermata / arresto;Conducente;M;Illeso;0;;;
2332846;1;06/04/2015 12:40;Strada Urbana;LUNGOTEVERE RAFFAELLO SANZIO;all'intersezione con;VIA COLOMBA ANTONIETTI;VIA COLOMBA ANTONIETTI;;;Scontro laterale fra veicoli in marcia;Incrocio;Una carreggiata a senso unico di marcia;Asciutto;Asfaltata;Verticale ed orizzontale;Sereno;Normale;Buona;Ore Diurne;0;0;0;4;12.47209;41.89077;-1;2;Autovettura privata;In marcia / fermata / arresto;Passeggero;F;Illeso;0;;;
2332856;19;05/04/2015 18:30;Strada Urbana;VIA DI BOCCEA;in corrispondenza;;del civico n.;1160;;Veicolo in marcia contro veicolo in sosta;Rettilineo;Una carreggiata a doppio senso;Bagnato (brina);Asfaltata;Assente;Nuvoloso;Normale;Sufficiente;Ore Diurne;0;0;0;2;12.32223;41.93525;-1;2;Autovettura privata;In marcia / fermata / arresto;Conducente;M;Illeso;0;;Non accertato;Inesploso
2332856;19;05/04/2015 18:30;Strada Urbana;VIA DI BOCCEA;in corrispondenza;;del civico n.;1160;;Veicolo in marcia contro veicolo in sosta;Rettilineo;Una carreggiata a doppio senso;Bagnato (brina);Asfaltata;Assente;Nuvoloso;Normale;Sufficiente;Ore Diurne;0;0;0;2;12.32223;41.93525;-1;2;Autovettura privata;In marcia / fermata / arresto;Passeggero;M;Illeso;0;;Non accertato;Inesploso
2332863;19;03/04/2015 11:55;Strada Urbana;VIA SIRO CORTI;in corrispondenza;;del civico n.;5/a;;Veicolo in marcia contro veicolo in sosta;Rettilineo;Una carreggiata a doppio senso;Asciutto;Asfaltata;Assente;Sereno;Normale;Buona;Ore Diurne;0;0;0;1;12.42867;41.94543;-1;1;Autocarro inferiore 35 q.;In marcia / fermata / arresto;Conducente;M;Illeso;0;;;
2332869;11;07/04/2015 07:50;Strada Urbana;LARGO SANTI MARTIRI DELL'UGANDA;all'intersezione semaforizzata con;VIA DELL'ACCADEMIA AMBROSIANA;VIA DELL'ACCADEMIA AMBROSIANA;;;Scontro frontale/laterale DX fra veicoli in marcia;Intersezione semaforizzata;Una carreggiata a doppio senso;Asciutto;Asfaltata;Verticale ed orizzontale;Sereno;Scarso;Buona;Ore Diurne;0;0;0;2;12.50158;41.84057;-1;1;Altro;In marcia / fermata / arresto;Conducente;M;Illeso;0;;Non utilizzato;Inesploso
2332869;11;07/04/2015 07:50;Strada Urbana;LARGO SANTI MARTIRI DELL'UGANDA;all'intersezione semaforizzata con;VIA DELL'ACCADEMIA AMBROSIANA;VIA DELL'ACCADEMIA AMBROSIANA;;;Scontro frontale/laterale DX fra veicoli in marcia;Intersezione semaforizzata;Una carreggiata a doppio senso;Asciutto;Asfaltata;Verticale ed orizzontale;Sereno;Scarso;Buona;Ore Diurne;0;0;0;2;12.50158;41.84057;-1;2;Autovettura privata;In marcia / fermata / arresto;Conducente;F;Illeso;0;;Non accertato;Esploso
2332870;1;06/04/2015 18:00;Strada Urbana;VIALE ADAMO MICKIEVICZ;all'intersezione con;VIALE DELL'OBELISCO;VIALE DELL'OBELISCO;;;Veicolo in marcia contro veicolo in sosta;Incrocio;Una carreggiata a doppio senso;Asciutto;Asfaltata;Verticale;Sereno;Scarso;Buona;Ore Diurne;0;0;0;1;12.47969;41.90985;-1;2;Velocipede;In marcia / fermata / arresto;Conducente;M;Illeso;0;;Esente;
2332872;19;05/04/2015 01:30;Strada Urbana;VIA DI CASAL DEL MARMO;all'intersezione con;VIA DELLA PALMAROLA;VIA DELLA PALMAROLA;;;Scontro frontale/laterale SX fra veicoli in marcia;Intersezione stradale segnalata;Una carreggiata a doppio senso;Bagnato (pioggia);Asfaltata;Verticale ed orizzontale;Pioggia in atto;Scarso;Buona;Sufficiente;0;0;0;5;12.38894;41.9421;-1;1;Autovettura privata;In marcia / fermata / arresto;Conducente;M;Illeso;0;;Non accertato;Inesploso
2332872;19;05/04/2015 01:30;Strada Urbana;VIA DI CASAL DEL MARMO;all'intersezione con;VIA DELLA PALMAROLA;VIA DELLA PALMAROLA;;;Scontro frontale/laterale SX fra veicoli in marcia;Intersezione stradale segnalata;Una carreggiata a doppio senso;Bagnato (pioggia);Asfaltata;Verticale ed orizzontale;Pioggia in atto;Scarso;Buona;Sufficiente;0;0;0;5;12.38894;41.9421;-1;1;Autovettura privata;In marcia / fermata / arresto;Passeggero;F;Illeso;0;;Non accertato;Inesploso
2332872;19;05/04/2015 01:30;Strada Urbana;VIA DI CASAL DEL MARMO;all'intersezione con;VIA DELLA PALMAROLA;VIA DELLA PALMAROLA;;;Scontro frontale/laterale SX fra veicoli in marcia;Intersezione stradale segnalata;Una carreggiata a doppio senso;Bagnato (pioggia);Asfaltata;Verticale ed orizzontale;Pioggia in atto;Scarso;Buona;Sufficiente;0;0;0;5;12.38894;41.9421;-1;1;Autovettura privata;In marcia / fermata / arresto;Passeggero;M;Illeso;0;;Non accertato;Inesploso
2332872;19;05/04/2015 01:30;Strada Urbana;VIA DI CASAL DEL MARMO;all'intersezione con;VIA DELLA PALMAROLA;VIA DELLA PALMAROLA;;;Scontro frontale/laterale SX fra veicoli in marcia;Intersezione stradale segnalata;Una carreggiata a doppio senso;Bagnato (pioggia);Asfaltata;Verticale ed orizzontale;Pioggia in atto;Scarso;Buona;Sufficiente;0;0;0;5;12.38894;41.9421;-1;2;Autovettura privata;In marcia / fermata / arresto;Conducente;F;Illeso;0;;Non accertato;Inesploso
2332872;19;05/04/2015 01:30;Strada Urbana;VIA DI CASAL DEL MARMO;all'intersezione con;VIA DELLA PALMAROLA;VIA DELLA PALMAROLA;;;Scontro frontale/laterale SX fra veicoli in marcia;Intersezione stradale segnalata;Una carreggiata a doppio senso;Bagnato (pioggia);Asfaltata;Verticale ed orizzontale;Pioggia in atto;Scarso;Buona;Sufficiente;0;0;0;5;12.38894;41.9421;-1;2;Autovettura privata;In marcia / fermata / arresto;Passeggero;M;Illeso;0;;Non accertato;Inesploso
2332877;12;05/04/2015 10:00;Strada Urbana;VIADOTTO DELLA MAGLIANA;da specificare;;;;altezza via del cappellaccio ;Scontro frontale fra veicoli in marcia;Curva a visuale libera;Due carreggiate;Bagnato (pioggia);Asfaltata;Verticale ed orizzontale;Pioggia in atto;Normale;Buona;Ore Diurne;3;0;0;1;12.46221;41.84062;-1;1;Autovettura privata;In marcia / fermata / arresto;Conducente;F;Rimandato;0;NON DECEDUTO;Non accertato;Esploso
2332877;12;05/04/2015 10:00;Strada Urbana;VIADOTTO DELLA MAGLIANA;da specificare;;;;altezza via del cappellaccio ;Scontro frontale fra veicoli in marcia;Curva a visuale libera;Due carreggiate;Bagnato (pioggia);Asfaltata;Verticale ed orizzontale;Pioggia in atto;Normale;Buona;Ore Diurne;3;0;0;1;12.46221;41.84062;-1;1;Autovettura privata;In marcia / fermata / arresto;Passeggero;M;Rimandato;0;NON DECEDUTO;Non accertato;Esploso
2332877;12;05/04/2015 10:00;Strada Urbana;VIADOTTO DELLA MAGLIANA;da specificare;;;;altezza via del cappellaccio ;Scontro frontale fra veicoli in marcia;Curva a visuale libera;Due carreggiate;Bagnato (pioggia);Asfaltata;Verticale ed orizzontale;Pioggia in atto;Normale;Buona;Ore Diurne;3;0;0;1;12.46221;41.84062;-1;1;Autovettura privata;In marcia / fermata / arresto;Passeggero;M;Rimandato;0;NON DECEDUTO;Non accertato;Inesploso
2332877;12;05/04/2015 10:00;Strada Urbana;VIADOTTO DELLA MAGLIANA;da specificare;;;;altezza via del cappellaccio ;Scontro frontale fra veicoli in marcia;Curva a visuale libera;Due carreggiate;Bagnato (pioggia);Asfaltata;Verticale ed orizzontale;Pioggia in atto;Normale;Buona;Ore Diurne;3;0;0;1;12.46221;41.84062;-1;2;Autovettura privata;In marcia / fermata / arresto;Conducente;M;Illeso;0;;Non accertato;Inesploso
2332879;17;03/04/2015;Strada Urbana;VIA DEI GRACCHI;in prossimità;;del civico n.;64;;Fuoriuscita dalla sede stradale;Rettilineo;Una carreggiata a senso unico di marcia;Asciutto;Asfaltata;Verticale ed orizzontale;Sereno;Scarso;Buona;Ore Diurne;0;0;0;1;12.46158;41.9078;-1;1;Autovettura privata;In marcia / fermata / arresto;Conducente;M;Illeso;0;;;Inesploso
2332881;13;05/04/2015 20:00;Strada Urbana;VIALE DEI ROMAGNOLI;da specificare;;;;pressi viadotto zelia nuttal;Veicolo in marcia contro ostacolo accidentale;Rettilineo;Una carreggiata a doppio senso;Bagnato (pioggia);Asfaltata;Orizzontale;Pioggia in atto;Normale;Sufficiente;Sufficiente;0;0;0;5;12.32203;41.76901;-1;1;Autovettura privata;In marcia / fermata / arresto;Conducente;F;Illeso;0;;Non accertato;
2332881;13;05/04/2015 20:00;Strada Urbana;VIALE DEI ROMAGNOLI;da specificare;;;;pressi viadotto zelia nuttal;Veicolo in marcia contro ostacolo accidentale;Rettilineo;Una carreggiata a doppio senso;Bagnato (pioggia);Asfaltata;Orizzontale;Pioggia in atto;Normale;Sufficiente;Sufficiente;0;0;0;5;12.32203;41.76901;-1;1;Autovettura privata;In marcia / fermata / arresto;Passeggero;F;Illeso;0;;Non accertato;Inesploso
2332881;13;05/04/2015 20:00;Strada Urbana;VIALE DEI ROMAGNOLI;da specificare;;;;pressi viadotto zelia nuttal;Veicolo in marcia contro ostacolo accidentale;Rettilineo;Una carreggiata a doppio senso;Bagnato (pioggia);Asfaltata;Orizzontale;Pioggia in atto;Normale;Sufficiente;Sufficiente;0;0;0;5;12.32203;41.76901;-1;1;Autovettura privata;In marcia / fermata / arresto;Passeggero;F;Illeso;0;;Non accertato;Inesploso
2332881;13;05/04/2015 20:00;Strada Urbana;VIALE DEI ROMAGNOLI;da specificare;;;;pressi viadotto zelia nuttal;Veicolo in marcia contro ostacolo accidentale;Rettilineo;Una carreggiata a doppio senso;Bagnato (pioggia);Asfaltata;Orizzontale;Pioggia in atto;Normale;Sufficiente;Sufficiente;0;0;0;5;12.32203;41.76901;-1;1;Autovettura privata;In marcia / fermata / arresto;Passeggero;F;Illeso;0;;Non accertato;Inesploso
2332881;13;05/04/2015 20:00;Strada Urbana;VIALE DEI ROMAGNOLI;da specificare;;;;pressi viadotto zelia nuttal;Veicolo in marcia contro ostacolo accidentale;Rettilineo;Una carreggiata a doppio senso;Bagnato (pioggia);Asfaltata;Orizzontale;Pioggia in atto;Normale;Sufficiente;Sufficiente;0;0;0;5;12.32203;41.76901;-1;1;Autovettura privata;In marcia / fermata / arresto;Passeggero;M;Illeso;0;;Non accertato;Inesploso
2332883;13;05/04/2015 23:20;Strada Urbana;VIALE DEI ROMAGNOLI;da specificare;;;;pressi via mazzucconi;Veicolo in marcia contro ostacolo accidentale;Rettilineo;Una carreggiata a doppio senso;Bagnato (pioggia);Asfaltata;Orizzontale;Pioggia in atto;Scarso;Buona;Sufficiente;0;0;0;4;12.34501;41.77783;-1;1;Autovettura privata;In marcia / fermata / arresto;Conducente;M;Illeso;0;;Non accertato;Inesploso
2332883;13;05/04/2015 23:20;Strada Urbana;VIALE DEI ROMAGNOLI;da specificare;;;;pressi via mazzucconi;Veicolo in marcia contro ostacolo accidentale;Rettilineo;Una carreggiata a doppio senso;Bagnato (pioggia);Asfaltata;Orizzontale;Pioggia in atto;Scarso;Buona;Sufficiente;0;0;0;4;12.34501;41.77783;-1;1;Autovettura privata;In marcia / fermata / arresto;Passeggero;F;Illeso;0;;Non accertato;Inesploso
2332883;13;05/04/2015 23:20;Strada Urbana;VIALE DEI ROMAGNOLI;da specificare;;;;pressi via mazzucconi;Veicolo in marcia contro ostacolo accidentale;Rettilineo;Una carreggiata a doppio senso;Bagnato (pioggia);Asfaltata;Orizzontale;Pioggia in atto;Scarso;Buona;Sufficiente;0;0;0;4;12.34501;41.77783;-1;1;Autovettura privata;In marcia / fermata / arresto;Passeggero;F;Illeso;0;;Non accertato;Inesploso
2332883;13;05/04/2015 23:20;Strada Urbana;VIALE DEI ROMAGNOLI;da specificare;;;;pressi via mazzucconi;Veicolo in marcia contro ostacolo accidentale;Rettilineo;Una carreggiata a doppio senso;Bagnato (pioggia);Asfaltata;Orizzontale;Pioggia in atto;Scarso;Buona;Sufficiente;0;0;0;4;12.34501;41.77783;-1;1;Autovettura privata;In marcia / fermata / arresto;Passeggero;M;Illeso;0;;Non accertato;Inesploso
2332884;13;05/04/2015 23:20;Strada Urbana;VIALE DEI ROMAGNOLI;all'intersezione con;VIA GIOVANNI MAZZUCCONI;VIA GIOVANNI MAZZUCCONI;;;Veicolo in marcia contro ostacolo accidentale;Incrocio;Una carreggiata a doppio senso;Bagnato (pioggia);Asfaltata;Orizzontale;Nuvoloso;Scarso;Buona;Sufficiente;0;0;0;1;12.32203;41.76901;-1;1;Autovettura privata;In marcia / fermata / arresto;Conducente;F;Illeso;0;;Non accertato;Inesploso
2332886;13;05/04/2015 10:50;Strada Urbana;VIA DEL CANALE DELLA LINGUA;in corrispondenza;;del civico n.;124;;Veicolo in marcia contro ostacolo accidentale;Rettilineo;Una carreggiata a doppio senso;Asciutto;Asfaltata;Assente;Sereno;Scarso;Buona;Sufficiente;0;0;0;2;12.34118;41.74034;-1;1;Autovettura privata;In marcia / fermata / arresto;Conducente;F;Illeso;0;;Non accertato;Inesploso
2332886;13;05/04/2015 10:50;Strada Urbana;VIA DEL CANALE DELLA LINGUA;in corrispondenza;;del civico n.;124;;Veicolo in marcia contro ostacolo accidentale;Rettilineo;Una carreggiata a doppio senso;Asciutto;Asfaltata;Assente;Sereno;Scarso;Buona;Sufficiente;0;0;0;2;12.34118;41.74034;-1;1;Autovettura privata;In marcia / fermata / arresto;Passeggero;M;Illeso;0;;Non accertato;Inesploso
2332888;19;04/04/2015 20:30;Strada Urbana;VIA UGO DE CAROLIS;in prossimità;;del civico n.;45;;Investimento di pedone;Rettilineo;Una carreggiata a doppio senso;Bagnato (pioggia);Asfaltata;Orizzontale;Sereno;Scarso;Sufficiente;Sufficiente;1;0;0;1;12.44054;41.91406;-1;;;;Pedone;F;Rimandato;0;NON DECEDUTO;;
2332888;19;04/04/2015 20:30;Strada Urbana;VIA UGO DE CAROLIS;in prossimità;;del civico n.;45;;Investimento di pedone;Rettilineo;Una carreggiata a doppio senso;Bagnato (pioggia);Asfaltata;Orizzontale;Sereno;Scarso;Sufficiente;Sufficiente;1;0;0;1;12.44054;41.91406;-1;1;Motociclo a solo;In marcia / fermata / arresto;Conducente;M;Illeso;0;;;
2332889;13;06/04/2015 13:50;Strada Urbana;LUNGOMARE AMERIGO VESPUCCI;in corrispondenza;;del civico n.;98;;Veicolo in marcia contro ostacolo accidentale;Rettilineo;Due carreggiate;Asciutto;Asfaltata;Verticale ed orizzontale;Sereno;Normale;Buona;Ore Diurne;0;0;0;2;12.33456;41.70685;-1;1;Autovettura privata;In marcia / fermata / arresto;Conducente;M;Illeso;0;;Non accertato;Inesploso
2332889;13;06/04/2015 13:50;Strada Urbana;LUNGOMARE AMERIGO VESPUCCI;in corrispondenza;;del civico n.;98;;Veicolo in marcia contro ostacolo accidentale;Rettilineo;Due carreggiate;Asciutto;Asfaltata;Verticale ed orizzontale;Sereno;Normale;Buona;Ore Diurne;0;0;0;2;12.33456;41.70685;-1;1;Autovettura privata;In marcia / fermata / arresto;Passeggero;M;Illeso;0;;Non accertato;Inesploso
2332892;19;05/04/2015 15:30;Strada Urbana;VIA TRIONFALE;da specificare;;;;rotatoria/rampa GRA direzione Aurelia;Fuoriuscita dalla sede stradale;Rotatoria;Due carreggiate;Bagnato (pioggia);Asfaltata;Verticale ed orizzontale;Pioggia in atto;Scarso;Buona;Ore Diurne;1;0;0;0;12.42296;41.94088;-1;1;Autovettura privata;In marcia / fermata / arresto;Conducente;M;Rimandato;0;NON DECEDUTO;;
2332896;13;06/04/2015 17:45;Strada Urbana;VIA DI TOR BOACCIANA;da specificare;;;;in corrispondenza del ponte;Tamponamento;Curva a visuale libera;Una carreggiata a senso unico di marcia;Asciutto;Asfaltata;Verticale ed orizzontale;Sereno;Scarso;Buona;Ore Diurne;0;0;0;1;12.28948;41.75116;-1;1;Autovettura privata;In marcia / fermata / arresto;Conducente;M;Illeso;0;;Non accertato;Inesploso
2332899;13;06/04/2015 14:20;Strada Urbana;LUNGOMARE PAOLO TOSCANELLI;da specificare;;;;in prossimità del civ. 123;Scontro laterale fra veicoli in marcia;Rettilineo;Due carreggiate;Asciutto;Asfaltata;Verticale ed orizzontale;Sereno;Intenso;Buona;Ore Diurne;2;0;0;2;12.27494;41.73016;-1;1;Motociclo a solo;In marcia / fermata / arresto;Conducente;M;Rifiuta cure immediate;0;NON DECEDUTO;Utilizzato;
2332899;13;06/04/2015 14:20;Strada Urbana;LUNGOMARE PAOLO TOSCANELLI;da specificare;;;;in prossimità del civ. 123;Scontro laterale fra veicoli in marcia;Rettilineo;Due carreggiate;Asciutto;Asfaltata;Verticale ed orizzontale;Sereno;Intenso;Buona;Ore Diurne;2;0;0;2;12.27494;41.73016;-1;1;Motociclo a solo;In marcia / fermata / arresto;Passeggero;F;Rimandato;0;NON DECEDUTO;Utilizzato;
2332899;13;06/04/2015 14:20;Strada Urbana;LUNGOMARE PAOLO TOSCANELLI;da specificare;;;;in prossimità del civ. 123;Scontro laterale fra veicoli in marcia;Rettilineo;Due carreggiate;Asciutto;Asfaltata;Verticale ed orizzontale;Sereno;Intenso;Buona;Ore Diurne;2;0;0;2;12.27494;41.73016;-1;2;Autovettura privata;In marcia / fermata / arresto;Conducente;F;Illeso;0;;Non accertato;Inesploso
2332899;13;06/04/2015 14:20;Strada Urbana;LUNGOMARE PAOLO TOSCANELLI;da specificare;;;;in prossimità del civ. 123;Scontro laterale fra veicoli in marcia;Rettilineo;Due carreggiate;Asciutto;Asfaltata;Verticale ed orizzontale;Sereno;Intenso;Buona;Ore Diurne;2;0;0;2;12.27494;41.73016;-1;2;Autovettura privata;In marcia / fermata / arresto;Passeggero;F;Illeso;0;;Non accertato;Inesploso
2332900;13;06/04/2015 18:20;Strada Urbana;VIA DI CASTEL FUSANO;da specificare;;;;pressi via a. chigi;Veicolo in marcia contro ostacolo accidentale;Rettilineo;Una carreggiata a doppio senso;Asciutto;Con buche;Assente;Sereno;Normale;Buona;Ore Diurne;0;0;0;4;12.30547;41.7577;-1;1;Autovettura privata;In marcia / fermata / arresto;Conducente;M;Illeso;0;;Non accertato;Inesploso
2332900;13;06/04/2015 18:20;Strada Urbana;VIA DI CASTEL FUSANO;da specificare;;;;pressi via a. chigi;Veicolo in marcia contro ostacolo accidentale;Rettilineo;Una carreggiata a doppio senso;Asciutto;Con buche;Assente;Sereno;Normale;Buona;Ore Diurne;0;0;0;4;12.30547;41.7577;-1;1;Autovettura privata;In marcia / fermata / arresto;Passeggero;M;Illeso;0;;;
2332900;13;06/04/2015 18:20;Strada Urbana;VIA DI CASTEL FUSANO;da specificare;;;;pressi via a. chigi;Veicolo in marcia contro ostacolo accidentale;Rettilineo;Una carreggiata a doppio senso;Asciutto;Con buche;Assente;Sereno;Normale;Buona;Ore Diurne;0;0;0;4;12.30547;41.7577;-1;1;Autovettura privata;In marcia / fermata / arresto;Passeggero;F;Illeso;0;;Non accertato;Inesploso
2332902;13;06/04/2015 23:20;Strada Urbana;VIALE DEI ROMAGNOLI;da specificare;;;;in prossimità del civico 931;Veicolo in marcia contro ostacolo accidentale;Rettilineo;Una carreggiata a doppio senso;Asciutto;Asfaltata;Assente;Sereno;Scarso;Sufficiente;Sufficiente;0;0;0;2;12.32203;41.76901;-1;1;Autovettura privata;In marcia / fermata / arresto;Conducente;M;Illeso;0;;Non accertato;Inesploso
2332902;13;06/04/2015 23:20;Strada Urbana;VIALE DEI ROMAGNOLI;da specificare;;;;in prossimità del civico 931;Veicolo in marcia contro ostacolo accidentale;Rettilineo;Una carreggiata a doppio senso;Asciutto;Asfaltata;Assente;Sereno;Scarso;Sufficiente;Sufficiente;0;0;0;2;12.32203;41.76901;-1;1;Autovettura privata;In marcia / fermata / arresto;Passeggero;F;Illeso;0;;Non accertato;Inesploso
2332906;19;04/04/2015 20:35;Strada Urbana;VIA MATTIA BATTISTINI;in prossimità;;del civico n.;193;;Investimento di pedone;Rettilineo;Una carreggiata a doppio senso;Bagnato (pioggia);Asfaltata;Verticale ed orizzontale;Pioggia in atto;Normale;Sufficiente;Sufficiente;1;0;0;1;12.41828;41.91319;-1;;;;Pedone;F;Rimandato;0;NON DECEDUTO;;
2332906;19;04/04/2015 20:35;Strada Urbana;VIA MATTIA BATTISTINI;in prossimità;;del civico n.;193;;Investimento di pedone;Rettilineo;Una carreggiata a doppio senso;Bagnato (pioggia);Asfaltata;Verticale ed orizzontale;Pioggia in atto;Normale;Sufficiente;Sufficiente;1;0;0;1;12.41828;41.91319;-1;1;Autovettura privata;In marcia / fermata / arresto;Conducente;M;Illeso;0;;;
2332910;17;04/04/2015 12:00;Strada Urbana;PIAZZA DELLA ROVERE;all'intersezione con;VIA DI PORTA S. SPIRITO;VIA DI PORTA S. SPIRITO;;;Scontro laterale fra veicoli in marcia;Incrocio;Una carreggiata a doppio senso;Asciutto;Asfaltata;Verticale ed orizzontale;Sereno;Normale;Buona;Ore Diurne;0;0;0;2;12.46201;41.89979;-1;1;Motociclo con passeggero;In marcia / fermata / arresto;Conducente;M;Illeso;0;;Non accertato;
2332910;17;04/04/2015 12:00;Strada Urbana;PIAZZA DELLA ROVERE;all'intersezione con;VIA DI PORTA S. SPIRITO;VIA DI PORTA S. SPIRITO;;;Scontro laterale fra veicoli in marcia;Incrocio;Una carreggiata a doppio senso;Asciutto;Asfaltata;Verticale ed orizzontale;Sereno;Normale;Buona;Ore Diurne;0;0;0;2;12.46201;41.89979;-1;2;Autovettura privata;In marcia / fermata / arresto;Conducente;M;Illeso;0;;Non accertato;Inesploso
2332922;19;05/04/2015 15:20;Strada Urbana;VIA DI BOCCEA;all'intersezione con;VIA DELLA STORTA;VIA DELLA STORTA;;;Scontro frontale/laterale DX fra veicoli in marcia;Incrocio;Una carreggiata a doppio senso;Bagnato (pioggia);Asfaltata;Verticale;Pioggia in atto;Normale;Buona;Ore Diurne;4;0;0;5;12.3661;41.92435;-1;1;Autovettura privata;In marcia / fermata / arresto;Conducente;M;Illeso;0;;Non accertato;Inesploso
2332922;19;05/04/2015 15:20;Strada Urbana;VIA DI BOCCEA;all'intersezione con;VIA DELLA STORTA;VIA DELLA STORTA;;;Scontro frontale/laterale DX fra veicoli in marcia;Incrocio;Una carreggiata a doppio senso;Bagnato (pioggia);Asfaltata;Verticale;Pioggia in atto;Normale;Buona;Ore Diurne;4;0;0;5;12.3661;41.92435;-1;1;Autovettura privata;In marcia / fermata / arresto;Passeggero;F;Rimandato;0;NON DECEDUTO;Non accertato;Inesploso
2332922;19;05/04/2015 15:20;Strada Urbana;VIA DI BOCCEA;all'intersezione con;VIA DELLA STORTA;VIA DELLA STORTA;;;Scontro frontale/laterale DX fra veicoli in marcia;Incrocio;Una carreggiata a doppio senso;Bagnato (pioggia);Asfaltata;Verticale;Pioggia in atto;Normale;Buona;Ore Diurne;4;0;0;5;12.3661;41.92435;-1;1;Autovettura privata;In marcia / fermata / arresto;Passeggero;F;Rimandato;0;NON DECEDUTO;Non accertato;Inesploso
2332922;19;05/04/2015 15:20;Strada Urbana;VIA DI BOCCEA;all'intersezione con;VIA DELLA STORTA;VIA DELLA STORTA;;;Scontro frontale/laterale DX fra veicoli in marcia;Incrocio;Una carreggiata a doppio senso;Bagnato (pioggia);Asfaltata;Verticale;Pioggia in atto;Normale;Buona;Ore Diurne;4;0;0;5;12.3661;41.92435;-1;1;Autovettura privata;In marcia / fermata / arresto;Passeggero;F;Rimandato;0;NON DECEDUTO;Non accertato;Inesploso