Protocollo;Gruppo;DataOraIncidente;Localizzazione1;STRADA1;Localizzazione2;STRADA2;Strada02;Chilometrica;DaSpecificare;NaturaIncidente;particolaritastrade;TipoStrada;FondoStradale;Pavimentazione;Segnaletica;CondizioneAtmosferica;Traffico;Visibilita;Illuminazione;NUM_FERITI;NUM_RISERVATA;NUM_MORTI;NUM_ILLESI;Longitudine;Latitudine;Confermato;Progressivo;TipoVeicolo;StatoVeicolo;TipoPersona;Sesso;Tipolesione;Deceduto;DecedutoDopo;CinturaCascoUtilizzato;Airbag
2334587;12;05/04/2015 02:15;Strada Urbana;VIA S. VINCENZO DE' PAOLI;all'intersezione con;LARGO S. VINCENZO DE' PAOLI;LARGO S. VINCENZO DE' PAOLI;;;Scontro frontale/laterale DX fra veicoli in marcia;Incrocio;Una carreggiata a doppio senso;Bagnato (pioggia);Asfaltata;Verticale ed orizzontale;Nuvoloso;Scarso;Sufficiente;Sufficiente;0;0;0;3;12.66122;41.77072;-1;1;Autovettura privata;In marcia / fermata / arresto;Conducente;M;Illeso;0;;Non accertato;Inesistente
2334587;12;05/04/2015 02:15;Strada Urbana;VIA S. VINCENZO DE' PAOLI;all'intersezione con;LARGO S. VINCENZO DE' PAOLI;LARGO S. VINCENZO DE' PAOLI;;;Scontro frontale/laterale DX fra veicoli in marcia;Incrocio;Una carreggiata a doppio senso;Bagnato (pioggia);Asfaltata;Verticale ed orizzontale;Nuvoloso;Scarso;Sufficiente;Sufficiente;0;0;0;3;12.66122;41.77072;-1;1;Autovettura privata;In marcia / fermata / arresto;Passeggero;F;Illeso;0;;Non accertato;Inesistente
2334587;12;05/04/2015 02:15;Strada Urbana;VIA S. VINCENZO DE' PAOLI;all'intersezione con;LARGO S. VINCENZO DE' PAOLI;LARGO S. VINCENZO DE' PAOLI;;;Scontro frontale/laterale DX fra veicoli in marcia;Incrocio;Una carreggiata a doppio senso;Bagnato (pioggia);Asfaltata;Verticale ed orizzontale;Nuvoloso;Scarso;Sufficiente;Sufficiente;0;0;0;3;12.66122;41.77072;-1;2;Autovettura privata;In marcia / fermata / arresto;Conducente;F;Illeso;0;;Non accertato;Inesistente
2334601;6;08/04/2015 17:00;Strada Urbana;VIA VEROLI;in corrispondenza;;del civico n.;F/C 27;;Veicolo in marcia contro veicolo in sosta;Rettilineo;Una carreggiata a senso unico di marcia;Asciutto;Asfaltata;Assente;Sereno;Normale;Buona;Ore Diurne;0;0;0;1;12.55905;41.89184;-1;2;Autovettura privata;In marcia / fermata / arresto;Conducente;F;Illeso;0;;;
2334602;11;08/04/2015 18:30;Strada Urbana;VIALE GUGLIELMO MARCONI;all'intersezione semaforizzata con;VIA VALCO DI S. PAOLO;VIA VALCO DI S. PAOLO;;;Scontro laterale fra veicoli in marcia;Intersezione semaforizzata;Due carreggiate;Asciutto;Asfaltata;Verticale ed orizzontale;Sereno;Intenso;Buona;Ore Diurne;0;0;0;2;12.47354;41.85231;-1;1;Autovettura pubblica;In marcia / fermata / arresto;Conducente;M;Illeso;0;;;
2334602;11;08/04/2015 18:30;Strada Urbana;VIALE GUGLIELMO MARCONI;all'intersezione semaforizzata con;VIA VALCO DI S. PAOLO;VIA VALCO DI S. PAOLO;;;Scontro laterale fra veicoli in marcia;Intersezione semaforizzata;Due carreggiate;Asciutto;Asfaltata;Verticale ed orizzontale;Sereno;Intenso;Buona;Ore Diurne;0;0;0;2;12.47354;41.85231;-1;2;Autovettura privata;In marcia / fermata / arresto;Conducente;F;Illeso;0;;;
2334608;12;05/04/2015 15:30;Regionale entro l'abitato;VIA PONTINA;in prossimità;;della chilometrica;19;;Fuoriuscita dalla sede stradale;Curva a visuale libera;Una carreggiata a senso unico di marcia;Bagnato (pioggia);Asfaltata;Verticale ed orizzontale;Pioggia in atto;Scarso;Buona;Ore Diurne;0;0;0;1;12.43643;41.75159;-1;1;Autovettura privata;In marcia / fermata / arresto;Conducente;M;Illeso;0;;Non accertato;Inesistente
2334625;1;06/04/2015 22:00;Strada Urbana;PIAZZA DELL'ESQUILINO;all'intersezione semaforizzata con;VIA CAVOUR;VIA CAVOUR;;;Veicolo in marcia contro ostacolo accidentale;Intersezione semaforizzata;Una carreggiata a doppio senso;Asciutto;Asfaltata;Verticale ed orizzontale;Sereno;Normale;Sufficiente;Sufficiente;0;0;0;1;12.49836;41.89823;-1;1;Motociclo a solo;In marcia / fermata / arresto;Conducente;M;Illeso;0;;;
2334632;1;08/04/2015 18:30;Strada Urbana;VIA GIUSEPPE ROMITA;all'intersezione con;VIA PARIGI;VIA PARIGI;;;Scontro laterale fra veicoli in marcia;Incrocio;Una carreggiata a senso unico di marcia;Asciutto;Asfaltata;Verticale ed orizzontale;Sereno;Normale;Buona;Ore Diurne;0;0;0;3;12.496;41.90359;-1;1;Autovettura privata;In marcia / fermata / arresto;Conducente;F;Illeso;0;;Non accertato;Inesploso
2334632;1;08/04/2015 18:30;Strada Urbana;VIA GIUSEPPE ROMITA;all'intersezione con;VIA PARIGI;VIA PARIGI;;;Scontro laterale fra veicoli in marcia;Incrocio;Una carreggiata a senso unico di marcia;Asciutto;Asfaltata;Verticale ed orizzontale;Sereno;Normale;Buona;Ore Diurne;0;0;0;3;12.496;41.90359;-1;1;Autovettura privata;In marcia / fermata / arresto;Passeggero;F;Illeso;0;;Non accertato;Inesploso
2334632;1;08/04/2015 18:30;Strada Urbana;VIA GIUSEPPE ROMITA;all'intersezione con;VIA PARIGI;VIA PARIGI;;;Scontro laterale fra veicoli in marcia;Incrocio;Una carreggiata a senso unico di marcia;Asciutto;Asfaltata;Verticale ed orizzontale;Sereno;Normale;Buona;Ore Diurne;0;0;0;3;12.496;41.90359;-1;2;Autovettura privata;In marcia / fermata / arresto;Conducente;M;Illeso;0;;Non accertato;
2334647;5;08/04/2015 14:30;Strada Urbana;VIA NICOLA MARIA NICOLAI;all'intersezione con;VIA POGGIO BRACCIOLINI;VIA POGGIO BRACCIOLINI;;;Scontro frontale/laterale DX fra veicoli in marcia;Incrocio;Una carreggiata a doppio senso;Asciutto;Asfaltata;Verticale ed orizzontale;Sereno;Normale;Buona;Ore Diurne;1;0;0;1;12.5703;41.94608;-1;1;Motociclo a solo;In marcia / fermata / arresto;Conducente;M;Ricoverato;0;NON DECEDUTO;Non accertato;
2334647;5;08/04/2015 14:30;Strada Urbana;VIA NICOLA MARIA NICOLAI;all'intersezione con;VIA POGGIO BRACCIOLINI;VIA POGGIO BRACCIOLINI;;;Scontro frontale/laterale DX fra veicoli in marcia;Incrocio;Una carreggiata a doppio senso;Asciutto;Asfaltata;Verticale ed orizzontale;Sereno;Normale;Buona;Ore Diurne;1;0;0;1;12.5703;41.94608;-1;2;Autocarro inferiore 35 q.;In marcia / fermata / arresto;Conducente;M;Illeso;0;;Non accertato;
2334672;12;08/04/2015 18:10;Strada Urbana;VIA PIO EMANUELLI;all'intersezione con;VIA MENTORE MAGGINI;VIA MENTORE MAGGINI;;;Scontro frontale/laterale DX fra veicoli in marcia;Incrocio;Una carreggiata a doppio senso;Asciutto;Asfaltata;Verticale ed orizzontale;Sereno;Normale;Buona;Ore Diurne;0;0;0;2;12.49184;41.8231;-1;1;Autovettura privata;In marcia / fermata / arresto;Conducente;M;Illeso;0;;Non accertato;Inesploso
2334672;12;08/04/2015 18:10;Strada Urbana;VIA PIO EMANUELLI;all'intersezione con;VIA MENTORE MAGGINI;VIA MENTORE MAGGINI;;;Scontro frontale/laterale DX fra veicoli in marcia;Incrocio;Una carreggiata a doppio senso;Asciutto;Asfaltata;Verticale ed orizzontale;Sereno;Normale;Buona;Ore Diurne;0;0;0;2;12.49184;41.8231;-1;2;Autovettura privata;In marcia / fermata / arresto;Conducente;M;Illeso;0;;Non accertato;Inesploso
2334682;15;08/04/2015 15:10;Strada Urbana;VIA GAETANO CRUGNOLA;in prossimità;;del civico n.;14;;Scontro laterale fra veicoli in marcia;Rettilineo;Una carreggiata a doppio senso;Asciutto;Asfaltata;Orizzontale;Sereno;Scarso;Buona;Ore Diurne;0;0;0;3;12.45894;41.85892;-1;1;Autovettura privata;In marcia / fermata / arresto;Conducente;F;Illeso;0;;Utilizzato;
2334682;15;08/04/2015 15:10;Strada Urbana;VIA GAETANO CRUGNOLA;in prossimità;;del civico n.;14;;Scontro laterale fra veicoli in marcia;Rettilineo;Una carreggiata a doppio senso;Asciutto;Asfaltata;Orizzontale;Sereno;Scarso;Buona;Ore Diurne;0;0;0;3;12.45894;41.85892;-1;2;Autovettura privata;In marcia / fermata / arresto;Conducente;F;Illeso;0;;Utilizzato;
2334682;15;08/04/2015 15:10;Strada Urbana;VIA GAETANO CRUGNOLA;in prossimità;;del civico n.;14;;Scontro laterale fra veicoli in marcia;Rettilineo;Una carreggiata a doppio senso;Asciutto;Asfaltata;Orizzontale;Sereno;Scarso;Buona;Ore Diurne;0;0;0;3;12.45894;41.85892;-1;2;Autovettura privata;In marcia / fermata / arresto;Passeggero;M;Illeso;0;;Utilizzato;
2334686;15;08/04/2015 17:30;Strada Urbana;VIA DELLA MAGLIANA;in corrispondenza;;del civico n.;1009;;Tamponamento Multiplo;Rettilineo;Una carreggiata a doppio senso;Asciutto;Asfaltata;Orizzontale;Sereno;Normale;Buona;Ore Diurne;0;0;0;3;12.39275;41.82231;-1;1;Autovettura privata;In marcia / fermata / arresto;Conducente;M;Illeso;0;;Non accertato;Inesploso
2334686;15;08/04/2015 17:30;Strada Urbana;VIA DELLA MAGLIANA;in corrispondenza;;del civico n.;1009;;Tamponamento Multiplo;Rettilineo;Una carreggiata a doppio senso;Asciutto;Asfaltata;Orizzontale;Sereno;Normale;Buona;Ore Diurne;0;0;0;3;12.39275;41.82231;-1;2;Autovettura privata;In marcia / fermata / arresto;Conducente;M;Illeso;0;;Non accertato;Inesploso
2334686;15;08/04/2015 17:30;Strada Urbana;VIA DELLA MAGLIANA;in corrispondenza;;del civico n.;1009;;Tamponamento Multiplo;Rettilineo;Una carreggiata a doppio senso;Asciutto;Asfaltata;Orizzontale;Sereno;Normale;Buona;Ore Diurne;0;0;0;3;12.39275;41.82231;-1;3;Autocarro inferiore 35 q.;In marcia / fermata / arresto;Conducente;M;Illeso;0;;Non accertato;Inesploso
2334864;9;08/04/2015 17:50;Strada Urbana;VIA SATRICO;all'intersezione semaforizzata con;VIA ACAIA;VIA ACAIA;;;Scontro laterale fra veicoli in marcia;Intersezione semaforizzata;Due carreggiate;Asciutto;Asfaltata;Verticale ed orizzontale;Sereno;Normale;Buona;Ore Diurne;0;0;0;2;12.50814;41.87673;-1;1;Autovettura privata;In marcia / fermata / arresto;Conducente;M;Illeso;0;;Non accertato;Inesploso
2334864;9;08/04/2015 17:50;Strada Urbana;VIA SATRICO;all'intersezione semaforizzata con;VIA ACAIA;VIA ACAIA;;;Scontro laterale fra veicoli in marcia;Intersezione semaforizzata;Due carreggiate;Asciutto;Asfaltata;Verticale ed orizzontale;Sereno;Normale;Buona;Ore Diurne;0;0;0;2;12.50814;41.87673;-1;2;Motociclo a solo;In marcia / fermata / arresto;Conducente;F;Illeso;0;;Non accertato;
2334868;8;08/04/2015 09:45;Strada Urbana;VIALE DEI ROMANISTI;all'intersezione con;VIA DI TORRE SPACCATA;VIA DI TORRE SPACCATA;;;Scontro frontale/laterale DX fra veicoli in marcia;Intersezione semaforizzata;Due carreggiate;Asciutto;Asfaltata;Verticale ed orizzontale;Sereno;Intenso;Sufficiente;Ore Diurne;0;0;0;2;12.57733;41.86753;-1;1;Autovettura privata;In marcia / fermata / arresto;Conducente;M;Illeso;0;;Non accertato;Esploso
2334868;8;08/04/2015 09:45;Strada Urbana;VIALE DEI ROMANISTI;all'intersezione con;VIA DI TORRE SPACCATA;VIA DI TORRE SPACCATA;;;Scontro frontale/laterale DX fra veicoli in marcia;Intersezione semaforizzata;Due carreggiate;Asciutto;Asfaltata;Verticale ed orizzontale;Sereno;Intenso;Sufficiente;Ore Diurne;0;0;0;2;12.57733;41.86753;-1;2;Autovettura privata;In marcia / fermata / arresto;Conducente;M;Illeso;0;;Non accertato;Esploso
2334869;15;08/04/2015 18:15;Strada Urbana;VIA CRISTOFORO SABBADINO;all'intersezione con;VIA BERNARDINO ZENDRINI;VIA BERNARDINO ZENDRINI;;;Scontro frontale fra veicoli in marcia;Intersezione non regolata/non segnalata;Una carreggiata a doppio senso;Asciutto;Asfaltata;Verticale ed orizzontale;Sereno;Scarso;Buona;Ore Diurne;1;0;0;2;12.31002;41.82113;-1;1;Autovettura privata;In marcia / fermata / arresto;Conducente;M;Illeso;0;;Utilizzato;
2334869;15;08/04/2015 18:15;Strada Urbana;VIA CRISTOFORO SABBADINO;all'intersezione con;VIA BERNARDINO ZENDRINI;VIA BERNARDINO ZENDRINI;;;Scontro frontale fra veicoli in marcia;Intersezione non regolata/non segnalata;Una carreggiata a doppio senso;Asciutto;Asfaltata;Verticale ed orizzontale;Sereno;Scarso;Buona;Ore Diurne;1;0;0;2;12.31002;41.82113;-1;1;Autovettura privata;In marcia / fermata / arresto;Passeggero;M;Illeso;0;;Utilizzato;
2334869;15;08/04/2015 18:15;Strada Urbana;VIA CRISTOFORO SABBADINO;all'intersezione con;VIA BERNARDINO ZENDRINI;VIA BERNARDINO ZENDRINI;;;Scontro frontale fra veicoli in marcia;Intersezione non regolata/non segnalata;Una carreggiata a doppio senso;Asciutto;Asfaltata;Verticale ed orizzontale;Sereno;Scarso;Buona;Ore Diurne;1;0;0;2;12.31002;41.82113;-1;2;Autovettura privata;In marcia / fermata / arresto;Conducente;F;Rimandato;0;NON DECEDUTO;Utilizzato;Esploso
2334870;8;08/04/2015 15:15;Strada Urbana;VIA DI TOR VERGATA;in prossimità;;del civico n.;80;;Scontro frontale/laterale SX fra veicoli in marcia;Rettilineo;Una carreggiata a doppio senso;Asciutto;Asfaltata;Verticale ed orizzontale;Sereno;Normale;Buona;Ore Diurne;0;0;0;2;12.62289;41.85895;-1;1;Autovettura privata;In marcia / fermata / arresto;Conducente;M;Illeso;0;;Non accertato;Inesploso
2334870;8;08/04/2015 15:15;Strada Urbana;VIA DI TOR VERGATA;in prossimità;;del civico n.;80;;Scontro frontale/laterale SX fra veicoli in marcia;Rettilineo;Una carreggiata a doppio senso;Asciutto;Asfaltata;Verticale ed orizzontale;Sereno;Normale;Buona;Ore Diurne;0;0;0;2;12.62289;41.85895;-1;2;Motociclo a solo;In marcia / fermata / arresto;Conducente;M;Illeso;0;;Non accertato;
2334871;9;08/04/2015 18:40;Strada Urbana;VIA TALAMONE;da specificare;;;;PROSS. VIA LATINA;Scontro laterale fra veicoli in marcia;Rettilineo;Una carreggiata a senso unico di marcia;Asciutto;Asfaltata;Verticale ed orizzontale;Sereno;Intenso;Buona;Ore Diurne;0;0;0;2;12.50427;41.87478;-1;1;Autovettura privata;In marcia / fermata / arresto;Conducente;M;Illeso;0;;Non accertato;
2334871;9;08/04/2015 18:40;Strada Urbana;VIA TALAMONE;da specificare;;;;PROSS. VIA LATINA;Scontro laterale fra veicoli in marcia;Rettilineo;Una carreggiata a senso unico di marcia;Asciutto;Asfaltata;Verticale ed orizzontale;Sereno;Intenso;Buona;Ore Diurne;0;0;0;2;12.50427;41.87478;-1;2;Motociclo a solo;In marcia / fermata / arresto;Conducente;M;Illeso;0;;Non accertato;
2334872;8;08/04/2015 16:15;Strada Urbana;VIA DELLE CERQUETE;all'intersezione con;VIA GUARDIAREGIA;VIA GUARDIAREGIA;;;Scontro laterale fra veicoli in marcia;Intersezione non regolata/non segnalata;Una carreggiata a doppio senso;Asciutto;Asfaltata;Orizzontale;Sereno;Scarso;Buona;Ore Diurne;1;0;0;2;12.66812;41.91744;-1;1;Autovettura privata;In marcia / fermata / arresto;Conducente;M;Illeso;0;;Non accertato;Inesploso
2334872;8;08/04/2015 16:15;Strada Urbana;VIA DELLE CERQUETE;all'intersezione con;VIA GUARDIAREGIA;VIA GUARDIAREGIA;;;Scontro laterale fra veicoli in marcia;Intersezione non regolata/non segnalata;Una carreggiata a doppio senso;Asciutto;Asfaltata;Orizzontale;Sereno;Scarso;Buona;Ore Diurne;1;0;0;2;12.66812;41.91744;-1;2;Autovettura privata;In marcia / fermata / arresto;Conducente;M;Illeso;0;;Non accertato;Inesploso
2334872;8;08/04/2015 16:15;Strada Urbana;VIA DELLE CERQUETE;all'intersezione con;VIA GUARDIAREGIA;VIA GUARDIAREGIA;;;Scontro laterale fra veicoli in marcia;Intersezione non regolata/non segnalata;Una carreggiata a doppio senso;Asciutto;Asfaltata;Orizzontale;Sereno;Scarso;Buona;Ore Diurne;1;0;0;2;12.66812;41.91744;-1;2;Autovettura privata;In marcia / fermata / arresto;Passeggero;F;Rimandato;0;NON DECEDUTO;Non accertato;Inesploso
2334875;9;08/04/2015 18:25;Strada Urbana;PIAZZA DEI RE DI ROMA;all'intersezione semaforizzata con;VIA AOSTA;VIA AOSTA;;;Scontro laterale fra veicoli in marcia;Intersezione semaforizzata;Una carreggiata a senso unico di marcia;Asciutto;Asfaltata;Verticale ed orizzontale;Sereno;Normale;Buona;Ore Diurne;0;0;0;3;12.51434;41.88247;-1;1;Autovettura privata;In marcia / fermata / arresto;Conducente;M;Illeso;0;;Non accertato;
2334875;9;08/04/2015 18:25;Strada Urbana;PIAZZA DEI RE DI ROMA;all'intersezione semaforizzata con;VIA AOSTA;VIA AOSTA;;;Scontro laterale fra veicoli in marcia;Intersezione semaforizzata;Una carreggiata a senso unico di marcia;Asciutto;Asfaltata;Verticale ed orizzontale;Sereno;Normale;Buona;Ore Diurne;0;0;0;3;12.51434;41.88247;-1;1;Autovettura privata;In marcia / fermata / arresto;Passeggero;M;Illeso;0;;;
2334875;9;08/04/2015 18:25;Strada Urbana;PIAZZA DEI RE DI ROMA;all'intersezione semaforizzata con;VIA AOSTA;VIA AOSTA;;;Scontro laterale fra veicoli in marcia;Intersezione semaforizzata;Una carreggiata a senso unico di marcia;Asciutto;Asfaltata;Verticale ed orizzontale;Sereno;Normale;Buona;Ore Diurne;0;0;0;3;12.51434;41.88247;-1;2;Motociclo a solo;In marcia / fermata / arresto;Conducente;F;Illeso;0;;;
2334876;8;08/04/2015 18:20;Strada Urbana;VIALE ANTONIO CIAMARRA;all'intersezione con;VIA DEL FOSSO DI S. MAURA;VIA DEL FOSSO DI S. MAURA;;;Scontro frontale/laterale SX fra veicoli in marcia;Intersezione semaforizzata;Due carreggiate;Asciutto;Asfaltata;Verticale ed orizzontale;Sereno;Normale;Buona;Ore Diurne;4;0;0;0;12.59059;41.85278;-1;1;Autovettura privata;In marcia / fermata / arresto;Conducente;M;Rifiuta cure immediate;0;NON DECEDUTO;Non accertato;
2334876;8;08/04/2015 18:20;Strada Urbana;VIALE ANTONIO CIAMARRA;all'intersezione con;VIA DEL FOSSO DI S. MAURA;VIA DEL FOSSO DI S. MAURA;;;Scontro frontale/laterale SX fra veicoli in marcia;Intersezione semaforizzata;Due carreggiate;Asciutto;Asfaltata;Verticale ed orizzontale;Sereno;Normale;Buona;Ore Diurne;4;0;0;0;12.59059;41.85278;-1;1;Autovettura privata;In marcia / fermata / arresto;Passeggero;M;Rifiuta cure immediate;0;NON DECEDUTO;Non accertato;
2334876;8;08/04/2015 18:20;Strada Urbana;VIALE ANTONIO CIAMARRA;all'intersezione con;VIA DEL FOSSO DI S. MAURA;VIA DEL FOSSO DI S. MAURA;;;Scontro frontale/laterale SX fra veicoli in marcia;Intersezione semaforizzata;Due carreggiate;Asciutto;Asfaltata;Verticale ed orizzontale;Sereno;Normale;Buona;Ore Diurne;4;0;0;0;12.59059;41.85278;-1;2;Autovettura privata;In marcia / fermata / arresto;Conducente;M;Rifiuta cure immediate;0;NON DECEDUTO;Non accertato;Inesploso
2334876;8;08/04/2015 18:20;Strada Urbana;VIALE ANTONIO CIAMARRA;all'intersezione con;VIA DEL FOSSO DI S. MAURA;VIA DEL FOSSO DI S. MAURA;;;Scontro frontale/laterale SX fra veicoli in marcia;Intersezione semaforizzata;Due carreggiate;Asciutto;Asfaltata;Verticale ed orizzontale;Sereno;Normale;Buona;Ore Diurne;4;0;0;0;12.59059;41.85278;-1;2;Autovettura privata;In marcia / fermata / arresto;Passeggero;M;Rifiuta cure immediate;0;NON DECEDUTO;;
2334878;15;09/04/2015 00:45;Strada Urbana;VIALE DELLA GRANDE MURAGLIA;all'intersezione con;VIA EDIMBURGO;VIA EDIMBURGO;;;Fuoriuscita dalla sede stradale;Rotatoria;Due carreggiate;Asciutto;Asfaltata;Verticale ed orizzontale;Sereno;Scarso;Sufficiente;Sufficiente;0;0;0;1;12.44633;41.81584;-1;1;Autovettura privata;In marcia / fermata / arresto;Conducente;M;Illeso;0;;Utilizzato;Inesploso
2334880;8;08/04/2015 16:10;Strada Urbana;VIA CARPINONE;all'intersezione con;VIA ACQUAVIVA D'ISERNIA;VIA ACQUAVIVA D'ISERNIA;;;Scontro frontale/laterale DX fra veicoli in marcia;Incrocio;Una carreggiata a doppio senso;Asciutto;Asfaltata;Verticale ed orizzontale;Sereno;Normale;Buona;Ore Diurne;0;0;0;4;12.67087;41.91663;-1;1;Autovettura privata;In marcia / fermata / arresto;Conducente;M;Illeso;0;;Non accertato;Inesploso
2334880;8;08/04/2015 16:10;Strada Urbana;VIA CARPINONE;all'intersezione con;VIA ACQUAVIVA D'ISERNIA;VIA ACQUAVIVA D'ISERNIA;;;Scontro frontale/laterale DX fra veicoli in marcia;Incrocio;Una carreggiata a doppio senso;Asciutto;Asfaltata;Verticale ed orizzontale;Sereno;Normale;Buona;Ore Diurne;0;0;0;4;12.67087;41.91663;-1;1;Autovettura privata;In marcia / fermata / arresto;Passeggero;M;Illeso;0;;Non accertato;Inesploso
2334880;8;08/04/2015 16:10;Strada Urbana;VIA CARPINONE;all'intersezione con;VIA ACQUAVIVA D'ISERNIA;VIA ACQUAVIVA D'ISERNIA;;;Scontro frontale/laterale DX fra veicoli in marcia;Incrocio;Una carreggiata a doppio senso;Asciutto;Asfaltata;Verticale ed orizzontale;Sereno;Normale;Buona;Ore Diurne;0;0;0;4;12.67087;41.91663;-1;2;Autovettura privata;In marcia / fermata / arresto;Conducente;F;Illeso;0;;Non accertato;Inesploso
2334880;8;08/04/2015 16:10;Strada Urbana;VIA CARPINONE;all'intersezione con;VIA ACQUAVIVA D'ISERNIA;VIA ACQUAVIVA D'ISERNIA;;;Scontro frontale/laterale DX fra veicoli in marcia;Incrocio;Una carreggiata a doppio senso;Asciutto;Asfaltata;Verticale ed orizzontale;Sereno;Normale;Buona;Ore Diurne;0;0;0;4;12.67087;41.91663;-1;2;Autovettura privata;In marcia / fermata / arresto;Passeggero;F;Illeso;0;;Non accertato;Inesploso
2334883;1;06/04/2015 11:55;Strada Urbana;PIAZZA GIUDITTA TAVANI ARQUATI;all'intersezione con;VIA GUSTAVO MODENA;VIA GUSTAVO MODENA;;;Scontro frontale/laterale DX fra veicoli in marcia;Incrocio;Una carreggiata a senso unico di marcia;Asciutto;In cubetti di porfido;Verticale ed orizzontale;Sereno;Normale;Buona;Ore Diurne;0;0;0;3;12.47298;41.88987;-1;1;Autovettura privata;In marcia / fermata / arresto;Conducente;M;Illeso;0;;Non accertato;Inesploso
2334883;1;06/04/2015 11:55;Strada Urbana;PIAZZA GIUDITTA TAVANI ARQUATI;all'intersezione con;VIA GUSTAVO MODENA;VIA GUSTAVO MODENA;;;Scontro frontale/laterale DX fra veicoli in marcia;Incrocio;Una carreggiata a senso unico di marcia;Asciutto;In cubetti di porfido;Verticale ed orizzontale;Sereno;Normale;Buona;Ore Diurne;0;0;0;3;12.47298;41.88987;-1;2;Autovettura privata;In marcia / fermata / arresto;Conducente;M;Illeso;0;;Non accertato;Inesploso
2334883;1;06/04/2015 11:55;Strada Urbana;PIAZZA GIUDITTA TAVANI ARQUATI;all'intersezione con;VIA GUSTAVO MODENA;VIA GUSTAVO MODENA;;;Scontro frontale/laterale DX fra veicoli in marcia;Incrocio;Una carreggiata a senso unico di marcia;Asciutto;In cubetti di porfido;Verticale ed orizzontale;Sereno;Normale;Buona;Ore Diurne;0;0;0;3;12.47298;41.88987;-1;2;Autovettura privata;In marcia / fermata / arresto;Passeggero;F;Illeso;0;;Non accertato;Inesploso
2334884;5;08/04/2015 12:10;Strada Urbana;VIA DEL CASALE DI S. BASILIO;all'intersezione con;VIA CORINALDO;VIA CORINALDO;;;Scontro frontale/laterale SX fra veicoli in marcia;Incrocio;Una carreggiata a doppio senso;Asciutto;Asfaltata;Verticale ed orizzontale;Sereno;Intenso;Buona;Ore Diurne;1;0;0;4;12.58266;41.9354;-1;1;Autovettura privata;In marcia / fermata / arresto;Conducente;M;Illeso;0;;Non accertato;
2334884;5;08/04/2015 12:10;Strada Urbana;VIA DEL CASALE DI S. BASILIO;all'intersezione con;VIA CORINALDO;VIA CORINALDO;;;Scontro frontale/laterale SX fra veicoli in marcia;Incrocio;Una carreggiata a doppio senso;Asciutto;Asfaltata;Verticale ed orizzontale;Sereno;Intenso;Buona;Ore Diurne;1;0;0;4;12.58266;41.9354;-1;1;Autovettura privata;In marcia / fermata / arresto;Passeggero;F;Illeso;0;;Non accertato;
2334884;5;08/04/2015 12:10;Strada Urbana;VIA DEL CASALE DI S. BASILIO;all'intersezione con;VIA CORINALDO;VIA CORINALDO;;;Scontro frontale/laterale SX fra veicoli in marcia;Incrocio;Una carreggiata a doppio senso;Asciutto;Asfaltata;Verticale ed orizzontale;Sereno;Intenso;Buona;Ore Diurne;1;0;0;4;12.58266;41.9354;-1;1;Autovettura privata;In marcia / fermata / arresto;Passeggero;M;Illeso;0;;Non accertato;
2334884;5;08/04/2015 12:10;Strada Urbana;VIA DEL CASALE DI S. BASILIO;all'intersezione con;VIA CORINALDO;VIA CORINALDO;;;Scontro frontale/laterale SX fra veicoli in marcia;Incrocio;Una carreggiata a doppio senso;Asciutto;Asfaltata;Verticale ed orizzontale;Sereno;Intenso;Buona;Ore Diurne;1;0;0;4;12.58266;41.9354;-1;1;Autovettura privata;In marcia / fermata / arresto;Passeggero;M;Rimandato;0;NON DECEDUTO;Non accertato;Inesploso
2334884;5;08/04/2015 12:10;Strada Urbana;VIA DEL CASALE DI S. BASILIO;all'intersezione con;VIA CORINALDO;VIA CORINALDO;;;Scontro frontale/laterale SX fra veicoli in marcia;Incrocio;Una carreggiata a doppio senso;Asciutto;Asfaltata;Verticale ed orizzontale;Sereno;Intenso;Buona;Ore Diurne;1;0;0;4;12.58266;41.9354;-1;2;Autovettura privata;In marcia / fermata / arresto;Conducente;M;Illeso;0;;;
2334895;6;09/04/2015 06:15;Strada Urbana;VIA CASILINA;all'intersezione semaforizzata con;VIA LEONARDO BUFALINI;VIA LEONARDO BUFALINI;;;Investimento di pedone;Intersezione semaforizzata;Due carreggiate;Asciutto;Asfaltata;Verticale ed orizzontale;Sereno;Normale;Buona;Ore Diurne;1;0;0;1;12.53864;41.88156;-1;;;;Pedone;F;Rimandato;0;NON DECEDUTO;;
2334895;6;09/04/2015 06:15;Strada Urbana;VIA CASILINA;all'intersezione semaforizzata con;VIA LEONARDO BUFALINI;VIA LEONARDO BUFALINI;;;Investimento di pedone;Intersezione semaforizzata;Due carreggiate;Asciutto;Asfaltata;Verticale ed orizzontale;Sereno;Normale;Buona;Ore Diurne;1;0;0;1;12.53864;41.88156;-1;1;Autovettura privata;In marcia / fermata / arresto;Conducente;F;Illeso;0;;Non accertato;
2334907;13;09/04/2015 00:25;Statale entro l'abitato;VIA OSTIENSE;da specificare;;;;pross. Stazione Lido Nord direz. Roma;Tamponamento;Rettilineo;Una carreggiata a doppio senso;Asciutto;Asfaltata;Verticale ed orizzontale;Sereno;Scarso;Sufficiente;Sufficiente;3;0;0;2;12.28479;41.74089;-1;1;Autobus di linea;In marcia / fermata / arresto;Conducente;M;Illeso;0;;Esente;Inesploso
2334907;13;09/04/2015 00:25;Statale entro l'abitato;VIA OSTIENSE;da specificare;;;;pross. Stazione Lido Nord direz. Roma;Tamponamento;Rettilineo;Una carreggiata a doppio senso;Asciutto;Asfaltata;Verticale ed orizzontale;Sereno;Scarso;Sufficiente;Sufficiente;3;0;0;2;12.28479;41.74089;-1;2;Autovettura privata;In marcia / fermata / arresto;Conducente;F;Rifiuta cure immediate;0;NON DECEDUTO;Non accertato;Inesploso