Protocollo;Gruppo;DataOraIncidente;Localizzazione1;STRADA1;Localizzazione2;STRADA2;Strada02;Chilometrica;DaSpecificare;NaturaIncidente;particolaritastrade;TipoStrada;FondoStradale;Pavimentazione;Segnaletica;CondizioneAtmosferica;Traffico;Visibilita;Illuminazione;NUM_FERITI;NUM_RISERVATA;NUM_MORTI;NUM_ILLESI;Longitudine;Latitudine;Confermato;Progressivo;TipoVeicolo;StatoVeicolo;TipoPersona;Sesso;Tipolesione;Deceduto;DecedutoDopo;CinturaCascoUtilizzato;Airbag
2345840;10;19/04/2015 12:45;Strada Urbana;VIALE ANTONIO CIAMARRA;in prossimità;;del civico n.;211;;Tamponamento;Rettilineo;Due carreggiate;Asciutto;Asfaltata;Verticale ed orizzontale;Nuvoloso;Scarso;Buona;Ore Diurne;0;0;0;3;12.58991;41.854;-1;1;Autovettura privata;In marcia / fermata / arresto;Passeggero;F;Illeso;0;;Non accertato;Inesploso
2345840;10;19/04/2015 12:45;Strada Urbana;VIALE ANTONIO CIAMARRA;in prossimità;;del civico n.;211;;Tamponamento;Rettilineo;Due carreggiate;Asciutto;Asfaltata;Verticale ed orizzontale;Nuvoloso;Scarso;Buona;Ore Diurne;0;0;0;3;12.58991;41.854;-1;2;Autovettura privata;In marcia / fermata / arresto;Conducente;M;Illeso;0;;Non accertato;Inesploso
2345844;10;19/04/2015 16:40;Strada Urbana;PIAZZA FABIO SABATINI;all'intersezione con;VIA UBALDO COMANDINI;VIA UBALDO COMANDINI;;;Scontro laterale fra veicoli in marcia;Rotatoria;Una carreggiata a senso unico di marcia;Asciutto;Asfaltata;Verticale ed orizzontale;Nuvoloso;Normale;Buona;Ore Diurne;0;0;0;2;12.59078;41.84669;-1;1;Autocarro inferiore 35 q.;In marcia / fermata / arresto;Conducente;M;Illeso;0;;Non accertato;Inesploso
2345844;10;19/04/2015 16:40;Strada Urbana;PIAZZA FABIO SABATINI;all'intersezione con;VIA UBALDO COMANDINI;VIA UBALDO COMANDINI;;;Scontro laterale fra veicoli in marcia;Rotatoria;Una carreggiata a senso unico di marcia;Asciutto;Asfaltata;Verticale ed orizzontale;Nuvoloso;Normale;Buona;Ore Diurne;0;0;0;2;12.59078;41.84669;-1;2;Autovettura privata;In marcia / fermata / arresto;Conducente;M;Illeso;0;;Non accertato;Inesploso
2345858;11;19/04/2015 13:40;Strada Urbana;VIA CRISTOFORO COLOMBO;all'intersezione semaforizzata con;VIA DI GROTTA PERFETTA;VIA DI GROTTA PERFETTA;;;Veicolo in marcia contro ostacolo fisso;Intersezione semaforizzata;Più di due carreggiate;Asciutto;Asfaltata;Verticale ed orizzontale;Sereno;Normale;Buona;Ore Diurne;0;0;0;1;12.43128;41.79276;-1;1;Autovettura privata;In marcia / fermata / arresto;Conducente;M;Illeso;0;;Non accertato;Inesploso
2345879;20;19/04/2015 10:30;Regionale entro l'abitato;VIA FLAMINIA;in corrispondenza;;del civico n.;2153;;Scontro frontale/laterale DX fra veicoli in marcia;Rettilineo;Una carreggiata a doppio senso;Asciutto;Asfaltata;Verticale ed orizzontale;Sereno;Normale;Buona;Ore Diurne;0;0;0;2;12.4856;41.96042;-1;1;Autovettura privata;In marcia / fermata / arresto;Conducente;F;Illeso;0;;Non accertato;
2345879;20;19/04/2015 10:30;Regionale entro l'abitato;VIA FLAMINIA;in corrispondenza;;del civico n.;2153;;Scontro frontale/laterale DX fra veicoli in marcia;Rettilineo;Una carreggiata a doppio senso;Asciutto;Asfaltata;Verticale ed orizzontale;Sereno;Normale;Buona;Ore Diurne;0;0;0;2;12.4856;41.96042;-1;2;Autocarro inferiore 35 q.;In marcia / fermata / arresto;Conducente;M;Illeso;0;;Non accertato;
2345890;1;19/04/2015 08:30;Strada Urbana;LUNGOTEVERE RAFFAELLO SANZIO;all'intersezione semaforizzata con;PIAZZA GIUSEPPE GIOACHINO BELLI;PIAZZA GIUSEPPE GIOACHINO BELLI;;;Tamponamento Multiplo;Intersezione semaforizzata;Una carreggiata a senso unico di marcia;Asciutto;Asfaltata;Verticale ed orizzontale;Nuvoloso;Normale;Buona;Ore Diurne;2;0;0;2;12.47418;41.89033;-1;1;Autovettura privata;In marcia / fermata / arresto;Conducente;M;Rimandato;0;NON DECEDUTO;Non accertato;
2345890;1;19/04/2015 08:30;Strada Urbana;LUNGOTEVERE RAFFAELLO SANZIO;all'intersezione semaforizzata con;PIAZZA GIUSEPPE GIOACHINO BELLI;PIAZZA GIUSEPPE GIOACHINO BELLI;;;Tamponamento Multiplo;Intersezione semaforizzata;Una carreggiata a senso unico di marcia;Asciutto;Asfaltata;Verticale ed orizzontale;Nuvoloso;Normale;Buona;Ore Diurne;2;0;0;2;12.47418;41.89033;-1;2;Autovettura privata;In marcia / fermata / arresto;Conducente;M;Illeso;0;;Non accertato;
2345890;1;19/04/2015 08:30;Strada Urbana;LUNGOTEVERE RAFFAELLO SANZIO;all'intersezione semaforizzata con;PIAZZA GIUSEPPE GIOACHINO BELLI;PIAZZA GIUSEPPE GIOACHINO BELLI;;;Tamponamento Multiplo;Intersezione semaforizzata;Una carreggiata a senso unico di marcia;Asciutto;Asfaltata;Verticale ed orizzontale;Nuvoloso;Normale;Buona;Ore Diurne;2;0;0;2;12.47418;41.89033;-1;3;Autovettura privata;In marcia / fermata / arresto;Conducente;M;Illeso;0;;;
2345890;1;19/04/2015 08:30;Strada Urbana;LUNGOTEVERE RAFFAELLO SANZIO;all'intersezione semaforizzata con;PIAZZA GIUSEPPE GIOACHINO BELLI;PIAZZA GIUSEPPE GIOACHINO BELLI;;;Tamponamento Multiplo;Intersezione semaforizzata;Una carreggiata a senso unico di marcia;Asciutto;Asfaltata;Verticale ed orizzontale;Nuvoloso;Normale;Buona;Ore Diurne;2;0;0;2;12.47418;41.89033;-1;3;Autovettura privata;In marcia / fermata / arresto;Passeggero;M;Rimandato;0;NON DECEDUTO;Non accertato;
2345901;8;18/04/2015 10:30;Provinciale entro l'abitato;VIA PRENESTINA;all'intersezione con;VIA OLLOLAI;VIA OLLOLAI;;;Scontro frontale/laterale DX fra veicoli in marcia;Incrocio;Una carreggiata a doppio senso;Asciutto;Asfaltata;Assente;Sereno;Normale;Buona;Ore Diurne;0;0;0;2;12.67905;41.89059;-1;1;Autovettura privata;In marcia / fermata / arresto;Conducente;F;Illeso;0;;Utilizzato;Inesploso
2345901;8;18/04/2015 10:30;Provinciale entro l'abitato;VIA PRENESTINA;all'intersezione con;VIA OLLOLAI;VIA OLLOLAI;;;Scontro frontale/laterale DX fra veicoli in marcia;Incrocio;Una carreggiata a doppio senso;Asciutto;Asfaltata;Assente;Sereno;Normale;Buona;Ore Diurne;0;0;0;2;12.67905;41.89059;-1;2;Autovettura privata;In marcia / fermata / arresto;Conducente;M;Illeso;0;;Non accertato;Inesploso
2345904;9;20/04/2015 00:45;Strada Urbana;VIA TUSCOLANA;all'intersezione con;VIA S. MARIA DEL BUON CONSIGLIO;VIA S. MARIA DEL BUON CONSIGLIO;;;Scontro frontale/laterale DX fra veicoli in marcia;Incrocio;Due carreggiate;Asciutto;Asfaltata;Verticale ed orizzontale;Nuvoloso;Scarso;Sufficiente;Sufficiente;0;0;0;3;12.54982;41.86351;-1;1;Autovettura di polizia;In marcia / fermata / arresto;Conducente;M;Illeso;0;;Non accertato;Inesploso
2345904;9;20/04/2015 00:45;Strada Urbana;VIA TUSCOLANA;all'intersezione con;VIA S. MARIA DEL BUON CONSIGLIO;VIA S. MARIA DEL BUON CONSIGLIO;;;Scontro frontale/laterale DX fra veicoli in marcia;Incrocio;Due carreggiate;Asciutto;Asfaltata;Verticale ed orizzontale;Nuvoloso;Scarso;Sufficiente;Sufficiente;0;0;0;3;12.54982;41.86351;-1;1;Autovettura di polizia;In marcia / fermata / arresto;Passeggero;M;Illeso;0;;Non accertato;Inesploso
2345904;9;20/04/2015 00:45;Strada Urbana;VIA TUSCOLANA;all'intersezione con;VIA S. MARIA DEL BUON CONSIGLIO;VIA S. MARIA DEL BUON CONSIGLIO;;;Scontro frontale/laterale DX fra veicoli in marcia;Incrocio;Due carreggiate;Asciutto;Asfaltata;Verticale ed orizzontale;Nuvoloso;Scarso;Sufficiente;Sufficiente;0;0;0;3;12.54982;41.86351;-1;2;Autovettura privata;In marcia / fermata / arresto;Conducente;M;Illeso;0;;Non accertato;Inesploso
2345910;5;20/04/2015 07:30;Strada Urbana;VIALE PALMIRO TOGLIATTI;da specificare;;;;altezza cavalcavia A24 direzione Tiburtina;Tamponamento;Rettilineo;Due carreggiate;Asciutto;Asfaltata;Orizzontale;Sereno;Intenso;Buona;Ore Diurne;2;0;0;0;12.57262;41.90807;-1;1;Autovettura privata;In marcia / fermata / arresto;Conducente;F;Rimandato;0;NON DECEDUTO;Non accertato;Inesploso
2345910;5;20/04/2015 07:30;Strada Urbana;VIALE PALMIRO TOGLIATTI;da specificare;;;;altezza cavalcavia A24 direzione Tiburtina;Tamponamento;Rettilineo;Due carreggiate;Asciutto;Asfaltata;Orizzontale;Sereno;Intenso;Buona;Ore Diurne;2;0;0;0;12.57262;41.90807;-1;2;Autovettura privata;In marcia / fermata / arresto;Conducente;F;Rimandato;0;NON DECEDUTO;Non accertato;Inesploso
2345912;19;17/04/2015 17:20;Strada Urbana;VIA ANDREA BARBATO;all'intersezione con;VIA RUGGERO ORLANDO;VIA RUGGERO ORLANDO;;;Scontro frontale/laterale DX fra veicoli in marcia;Incrocio;Una carreggiata a doppio senso;Asciutto;Asfaltata;Verticale ed orizzontale;Sereno;Normale;Buona;Ore Diurne;0;0;0;3;12.39915;41.92851;-1;1;Autovettura privata;In marcia / fermata / arresto;Conducente;F;Illeso;0;;;
2345912;19;17/04/2015 17:20;Strada Urbana;VIA ANDREA BARBATO;all'intersezione con;VIA RUGGERO ORLANDO;VIA RUGGERO ORLANDO;;;Scontro frontale/laterale DX fra veicoli in marcia;Incrocio;Una carreggiata a doppio senso;Asciutto;Asfaltata;Verticale ed orizzontale;Sereno;Normale;Buona;Ore Diurne;0;0;0;3;12.39915;41.92851;-1;1;Autovettura privata;In marcia / fermata / arresto;Passeggero;F;Illeso;0;;;
2345912;19;17/04/2015 17:20;Strada Urbana;VIA ANDREA BARBATO;all'intersezione con;VIA RUGGERO ORLANDO;VIA RUGGERO ORLANDO;;;Scontro frontale/laterale DX fra veicoli in marcia;Incrocio;Una carreggiata a doppio senso;Asciutto;Asfaltata;Verticale ed orizzontale;Sereno;Normale;Buona;Ore Diurne;0;0;0;3;12.39915;41.92851;-1;2;Autovettura privata;In marcia / fermata / arresto;Conducente;M;Illeso;0;;Non accertato;Inesploso
2345915;17;17/04/2015 16:40;Strada Urbana;VIALE DELLE MILIZIE;all'intersezione con;VIA LEPANTO;VIA LEPANTO;;;Scontro frontale/laterale SX fra veicoli in marcia;Incrocio;Più di due carreggiate;Asciutto;Asfaltata;Verticale ed orizzontale;Sereno;Normale;Buona;Ore Diurne;1;0;0;2;12.4653;41.91293;-1;1;Autovettura privata;In marcia / fermata / arresto;Conducente;F;Illeso;0;;Non accertato;
2345915;17;17/04/2015 16:40;Strada Urbana;VIALE DELLE MILIZIE;all'intersezione con;VIA LEPANTO;VIA LEPANTO;;;Scontro frontale/laterale SX fra veicoli in marcia;Incrocio;Più di due carreggiate;Asciutto;Asfaltata;Verticale ed orizzontale;Sereno;Normale;Buona;Ore Diurne;1;0;0;2;12.4653;41.91293;-1;1;Autovettura privata;In marcia / fermata / arresto;Passeggero;M;Illeso;0;;Non accertato;
2345915;17;17/04/2015 16:40;Strada Urbana;VIALE DELLE MILIZIE;all'intersezione con;VIA LEPANTO;VIA LEPANTO;;;Scontro frontale/laterale SX fra veicoli in marcia;Incrocio;Più di due carreggiate;Asciutto;Asfaltata;Verticale ed orizzontale;Sereno;Normale;Buona;Ore Diurne;1;0;0;2;12.4653;41.91293;-1;2;Ciclomotore;In marcia / fermata / arresto;Conducente;F;Rimandato;0;NON DECEDUTO;Non accertato;
2345924;8;18/04/2015 13:15;Altra strada;VIA DI TOR BELLA MONACA;da specificare;;;;"AREA PARCHEGGIO FRONTE ""MAURYS""";Scontro laterale fra veicoli in marcia;Curva senza visuale libera;Due carreggiate;Asciutto;Asfaltata;Assente;Sereno;Normale;Sufficiente;Ore Diurne;0;0;0;2;12.62104;41.88013;-1;1;Autovettura privata;In marcia / fermata / arresto;Conducente;M;Illeso;0;;Non accertato;Inesploso
2345924;8;18/04/2015 13:15;Altra strada;VIA DI TOR BELLA MONACA;da specificare;;;;"AREA PARCHEGGIO FRONTE ""MAURYS""";Scontro laterale fra veicoli in marcia;Curva senza visuale libera;Due carreggiate;Asciutto;Asfaltata;Assente;Sereno;Normale;Sufficiente;Ore Diurne;0;0;0;2;12.62104;41.88013;-1;2;Autovettura privata;In marcia / fermata / arresto;Conducente;F;Illeso;0;;Non accertato;Inesploso
2345926;19;17/04/2015 19:30;Strada Urbana;VIALE DELLE MEDAGLIE D'ORO;all'intersezione con;VIA VENANZIO FORTUNATO;VIA VENANZIO FORTUNATO;;;Scontro laterale fra veicoli in marcia;Incrocio;Una carreggiata a doppio senso;Asciutto;Asfaltata;Orizzontale;Sereno;Normale;Buona;Ore Diurne;1;0;0;1;12.44368;41.9201;-1;1;Autovettura privata;In marcia / fermata / arresto;Conducente;F;Illeso;0;;Non accertato;Inesploso
2345926;19;17/04/2015 19:30;Strada Urbana;VIALE DELLE MEDAGLIE D'ORO;all'intersezione con;VIA VENANZIO FORTUNATO;VIA VENANZIO FORTUNATO;;;Scontro laterale fra veicoli in marcia;Incrocio;Una carreggiata a doppio senso;Asciutto;Asfaltata;Orizzontale;Sereno;Normale;Buona;Ore Diurne;1;0;0;1;12.44368;41.9201;-1;2;Motociclo a solo;In marcia / fermata / arresto;Conducente;M;Rimandato;0;NON DECEDUTO;Non accertato;
2345928;8;18/04/2015 14:15;Strada Urbana;VIALE PAOLO FERDINANDO QUAGLIA;da specificare;;;;prossimità VIA ACQUARONI dir. S. Rita da Cascia;Veicolo in marcia contro veicolo fermo;Rettilineo;Una carreggiata a doppio senso;Asciutto;Asfaltata;Verticale ed orizzontale;Sereno;Normale;Buona;Ore Diurne;0;0;0;2;12.64094;41.86838;-1;1;Autovettura privata;In marcia / fermata / arresto;Conducente;F;Illeso;0;;Non accertato;Inesploso
2345928;8;18/04/2015 14:15;Strada Urbana;VIALE PAOLO FERDINANDO QUAGLIA;da specificare;;;;prossimità VIA ACQUARONI dir. S. Rita da Cascia;Veicolo in marcia contro veicolo fermo;Rettilineo;Una carreggiata a doppio senso;Asciutto;Asfaltata;Verticale ed orizzontale;Sereno;Normale;Buona;Ore Diurne;0;0;0;2;12.64094;41.86838;-1;2;Autocarro inferiore 35 q.;In marcia / fermata / arresto;Conducente;M;Illeso;0;;Non accertato;Inesploso
2345930;8;18/04/2015 14:46;Strada Urbana;VIA ACQUAVIVA D'ISERNIA;in corrispondenza;;del civico n.;87;;Veicolo in marcia contro ostacolo fisso;Curva a visuale libera;Una carreggiata a doppio senso;Asciutto;Asfaltata;Verticale;Sereno;Scarso;Buona;Ore Diurne;1;0;0;0;12.66842;41.92055;-1;1;Autovettura privata;In marcia / fermata / arresto;Conducente;M;Ricoverato;0;NON DECEDUTO;Non accertato;Inesistente
2345935;19;20/04/2015 01:00;Strada Urbana;VIA DI TORREVECCHIA;all'intersezione con;VIA CESARE LOMBROSO;VIA CESARE LOMBROSO;;;Scontro frontale/laterale DX fra veicoli in marcia;Incrocio;Una carreggiata a doppio senso;Asciutto;Asfaltata;Verticale ed orizzontale;Sereno;Scarso;Sufficiente;Inesistente;0;0;0;3;12.4123;41.92339;-1;1;Autovettura privata;In marcia / fermata / arresto;Conducente;M;Illeso;0;;;
2345935;19;20/04/2015 01:00;Strada Urbana;VIA DI TORREVECCHIA;all'intersezione con;VIA CESARE LOMBROSO;VIA CESARE LOMBROSO;;;Scontro frontale/laterale DX fra veicoli in marcia;Incrocio;Una carreggiata a doppio senso;Asciutto;Asfaltata;Verticale ed orizzontale;Sereno;Scarso;Sufficiente;Inesistente;0;0;0;3;12.4123;41.92339;-1;1;Autovettura privata;In marcia / fermata / arresto;Passeggero;M;Illeso;0;;;
2345935;19;20/04/2015 01:00;Strada Urbana;VIA DI TORREVECCHIA;all'intersezione con;VIA CESARE LOMBROSO;VIA CESARE LOMBROSO;;;Scontro frontale/laterale DX fra veicoli in marcia;Incrocio;Una carreggiata a doppio senso;Asciutto;Asfaltata;Verticale ed orizzontale;Sereno;Scarso;Sufficiente;Inesistente;0;0;0;3;12.4123;41.92339;-1;2;Autovettura privata;In marcia / fermata / arresto;Conducente;M;Illeso;0;;;
2345937;19;17/04/2015 21:55;Strada Urbana;VIA TALEGGIO;all'intersezione con;VIA CASTEGGIO;VIA CASTEGGIO;;;Scontro frontale/laterale SX fra veicoli in marcia;Incrocio;Una carreggiata a doppio senso;Asciutto;Asfaltata;Assente;Sereno;Scarso;Buona;Sufficiente;1;0;0;2;12.38103;41.94994;-1;1;Autobus di linea;In marcia / fermata / arresto;Conducente;M;Illeso;0;;Non accertato;Inesploso
2345937;19;17/04/2015 21:55;Strada Urbana;VIA TALEGGIO;all'intersezione con;VIA CASTEGGIO;VIA CASTEGGIO;;;Scontro frontale/laterale SX fra veicoli in marcia;Incrocio;Una carreggiata a doppio senso;Asciutto;Asfaltata;Assente;Sereno;Scarso;Buona;Sufficiente;1;0;0;2;12.38103;41.94994;-1;1;Autobus di linea;In marcia / fermata / arresto;Passeggero;F;Rimandato;0;NON DECEDUTO;Esente;Inesploso
2345937;19;17/04/2015 21:55;Strada Urbana;VIA TALEGGIO;all'intersezione con;VIA CASTEGGIO;VIA CASTEGGIO;;;Scontro frontale/laterale SX fra veicoli in marcia;Incrocio;Una carreggiata a doppio senso;Asciutto;Asfaltata;Assente;Sereno;Scarso;Buona;Sufficiente;1;0;0;2;12.38103;41.94994;-1;2;Autovettura privata;Allontanatosi;Conducente;M;Illeso;0;;;
2345943;18;20/04/2015 08:00;Strada Urbana;VIA DI BOCCEA;all'intersezione con;VIA CARDINALE OREGLIA;VIA CARDINALE OREGLIA;;;Scontro frontale/laterale DX fra veicoli in marcia;Intersezione non regolata/non segnalata;Una carreggiata a doppio senso;Asciutto;Asfaltata;Verticale ed orizzontale;Sereno;Intenso;Buona;Ore Diurne;1;0;0;1;12.42353;41.90272;-1;1;Autovettura privata;In marcia / fermata / arresto;Conducente;F;Illeso;0;;Non accertato;Inesploso
2345943;18;20/04/2015 08:00;Strada Urbana;VIA DI BOCCEA;all'intersezione con;VIA CARDINALE OREGLIA;VIA CARDINALE OREGLIA;;;Scontro frontale/laterale DX fra veicoli in marcia;Intersezione non regolata/non segnalata;Una carreggiata a doppio senso;Asciutto;Asfaltata;Verticale ed orizzontale;Sereno;Intenso;Buona;Ore Diurne;1;0;0;1;12.42353;41.90272;-1;2;Motociclo a solo;In marcia / fermata / arresto;Conducente;F;Rimandato;0;NON DECEDUTO;Non accertato;
2345946;2;19/04/2015 04:00;Strada Urbana;LUNGOTEVERE FLAMINIO;all'intersezione con;VIA ANTONIO ALLEGRI DA CORREGGIO;VIA ANTONIO ALLEGRI DA CORREGGIO;;;Veicolo in marcia contro veicoli in sosta;Incrocio;Una carreggiata a senso unico di marcia;Asciutto;Asfaltata;Verticale ed orizzontale;Sereno;Scarso;Sufficiente;Sufficiente;0;0;0;1;12.46991;41.92249;-1;1;Autovettura privata;In marcia / fermata / arresto;Conducente;M;Illeso;0;;Non accertato;Inesploso
2345954;9;20/04/2015 07:40;Strada Urbana;VIA TUSCOLANA;in prossimità;;del civico n.;295;;Investimento di pedone;Rettilineo;Una carreggiata a doppio senso;Asciutto;Asfaltata;Verticale ed orizzontale;Sereno;Intenso;Buona;Ore Diurne;1;0;0;1;12.52688;41.87625;-1;;;;Pedone;M;Ricoverato;0;NON DECEDUTO;;
2345954;9;20/04/2015 07:40;Strada Urbana;VIA TUSCOLANA;in prossimità;;del civico n.;295;;Investimento di pedone;Rettilineo;Una carreggiata a doppio senso;Asciutto;Asfaltata;Verticale ed orizzontale;Sereno;Intenso;Buona;Ore Diurne;1;0;0;1;12.52688;41.87625;-1;1;Motociclo a solo;In marcia / fermata / arresto;Conducente;M;Illeso;0;;Utilizzato;
2345967;9;20/04/2015 05:55;Strada Urbana;VIA MARCO PAPIO;in prossimità;;del civico n.;19;;Investimento di pedone;Rettilineo;Una carreggiata a senso unico di marcia;Asciutto;Asfaltata;Verticale ed orizzontale;Sereno;Scarso;Buona;Sufficiente;1;0;0;1;12.55106;41.86559;-1;;;;Pedone;M;Rimandato;0;NON DECEDUTO;;
2345967;9;20/04/2015 05:55;Strada Urbana;VIA MARCO PAPIO;in prossimità;;del civico n.;19;;Investimento di pedone;Rettilineo;Una carreggiata a senso unico di marcia;Asciutto;Asfaltata;Verticale ed orizzontale;Sereno;Scarso;Buona;Sufficiente;1;0;0;1;12.55106;41.86559;-1;1;Autovettura privata;In marcia / fermata / arresto;Conducente;M;Illeso;0;;Non accertato;Inesploso
2345978;7;20/04/2015 05:15;Strada Urbana;VIA QUINTO PUBLICIO;all'intersezione semaforizzata con;VIALE PALMIRO TOGLIATTI;VIALE PALMIRO TOGLIATTI;;;Scontro frontale/laterale DX fra veicoli in marcia;Incrocio;Due carreggiate;Asciutto;Asfaltata;Verticale ed orizzontale;Sereno;Scarso;Buona;Sufficiente;1;0;0;1;12.57134;41.85615;-1;1;Autocarro inferiore 35 q.;In marcia / fermata / arresto;Conducente;M;Illeso;0;;Non accertato;Inesploso
2345978;7;20/04/2015 05:15;Strada Urbana;VIA QUINTO PUBLICIO;all'intersezione semaforizzata con;VIALE PALMIRO TOGLIATTI;VIALE PALMIRO TOGLIATTI;;;Scontro frontale/laterale DX fra veicoli in marcia;Incrocio;Due carreggiate;Asciutto;Asfaltata;Verticale ed orizzontale;Sereno;Scarso;Buona;Sufficiente;1;0;0;1;12.57134;41.85615;-1;2;Autovettura privata;In marcia / fermata / arresto;Conducente;M;Rimandato;0;NON DECEDUTO;;
2345981;10;17/04/2015 18:30;Strada Urbana;VIA TUSCOLANA;da specificare;;;;f.c. 1679;Tamponamento;Rettilineo;Due carreggiate;Asciutto;Asfaltata;Verticale ed orizzontale;Sereno;Intenso;Buona;Ore Diurne;2;0;0;0;12.57954;41.84591;-1;1;Autovettura privata;In marcia / fermata / arresto;Conducente;F;Rimandato;0;NON DECEDUTO;Non accertato;Inesploso
2345981;10;17/04/2015 18:30;Strada Urbana;VIA TUSCOLANA;da specificare;;;;f.c. 1679;Tamponamento;Rettilineo;Due carreggiate;Asciutto;Asfaltata;Verticale ed orizzontale;Sereno;Intenso;Buona;Ore Diurne;2;0;0;0;12.57954;41.84591;-1;2;Autovettura privata;In marcia / fermata / arresto;Conducente;F;Rimandato;0;NON DECEDUTO;Non accertato;Inesploso
2345986;19;17/04/2015 16:10;Strada Urbana;VIA DI TORREVECCHIA;all'intersezione con;VIA CESARE LOMBROSO;VIA CESARE LOMBROSO;;;Scontro frontale/laterale DX fra veicoli in marcia;Incrocio;Una carreggiata a doppio senso;Asciutto;Asfaltata;Verticale ed orizzontale;Sereno;Intenso;Buona;Ore Diurne;1;0;0;1;12.41985;41.93402;-1;1;Motociclo a solo;In marcia / fermata / arresto;Conducente;M;Illeso;0;;Non accertato;
2345986;19;17/04/2015 16:10;Strada Urbana;VIA DI TORREVECCHIA;all'intersezione con;VIA CESARE LOMBROSO;VIA CESARE LOMBROSO;;;Scontro frontale/laterale DX fra veicoli in marcia;Incrocio;Una carreggiata a doppio senso;Asciutto;Asfaltata;Verticale ed orizzontale;Sereno;Intenso;Buona;Ore Diurne;1;0;0;1;12.41985;41.93402;-1;2;Motociclo a solo;In marcia / fermata / arresto;Conducente;F;Rimandato;0;NON DECEDUTO;Non accertato;
2345988;5;18/04/2015 10:20;Strada Urbana;PIAZZA TOMMASO DE CRISTOFORIS;all'intersezione con;VIA ALBERTO POLLIO;VIA ALBERTO POLLIO;;;Scontro frontale/laterale SX fra veicoli in marcia;Incrocio;Una carreggiata a senso unico di marcia;Asciutto;Asfaltata;Verticale ed orizzontale;Sereno;Normale;Buona;Ore Diurne;0;0;0;2;12.5351;41.9005;-1;1;Autocarro inferiore 35 q.;In marcia / fermata / arresto;Conducente;M;Illeso;0;;Non accertato;Inesploso
2345988;5;18/04/2015 10:20;Strada Urbana;PIAZZA TOMMASO DE CRISTOFORIS;all'intersezione con;VIA ALBERTO POLLIO;VIA ALBERTO POLLIO;;;Scontro frontale/laterale SX fra veicoli in marcia;Incrocio;Una carreggiata a senso unico di marcia;Asciutto;Asfaltata;Verticale ed orizzontale;Sereno;Normale;Buona;Ore Diurne;0;0;0;2;12.5351;41.9005;-1;2;Autovettura privata;In marcia / fermata / arresto;Conducente;M;Illeso;0;;Non accertato;Inesistente
2345996;5;17/04/2015 19:40;Strada Urbana;VIALE DUILIO CAMBELLOTTI;da specificare;;;;P.tà Via di Tor Bella Monaca;Tamponamento;Rettilineo;Due carreggiate;Asciutto;Asfaltata;Verticale ed orizzontale;Sereno;Intenso;Buona;Sufficiente;1;0;0;0;12.63341;41.87005;-1;1;Autovettura privata;In marcia / fermata / arresto;Conducente;M;Rimandato;0;NON DECEDUTO;Non accertato;Inesploso
2346000;5;18/04/2015 14:05;Strada Urbana;VIALE KANT;all'intersezione semaforizzata con;VIA SPINOZA;VIA SPINOZA;;;Scontro frontale/laterale SX fra veicoli in marcia;Intersezione semaforizzata;Una carreggiata a senso unico di marcia;Asciutto;Asfaltata;Verticale ed orizzontale;Sereno;Normale;Buona;Ore Diurne;2;0;0;4;12.55345;41.93656;-1;1;Autovettura privata;In marcia / fermata / arresto;Conducente;M;Illeso;0;;Non accertato;Inesploso
2346000;5;18/04/2015 14:05;Strada Urbana;VIALE KANT;all'intersezione semaforizzata con;VIA SPINOZA;VIA SPINOZA;;;Scontro frontale/laterale SX fra veicoli in marcia;Intersezione semaforizzata;Una carreggiata a senso unico di marcia;Asciutto;Asfaltata;Verticale ed orizzontale;Sereno;Normale;Buona;Ore Diurne;2;0;0;4;12.55345;41.93656;-1;1;Autovettura privata;In marcia / fermata / arresto;Passeggero;F;Rimandato;0;NON DECEDUTO;Non accertato;Inesploso
2346000;5;18/04/2015 14:05;Strada Urbana;VIALE KANT;all'intersezione semaforizzata con;VIA SPINOZA;VIA SPINOZA;;;Scontro frontale/laterale SX fra veicoli in marcia;Intersezione semaforizzata;Una carreggiata a senso unico di marcia;Asciutto;Asfaltata;Verticale ed orizzontale;Sereno;Normale;Buona;Ore Diurne;2;0;0;4;12.55345;41.93656;-1;2;Autovettura privata;In marcia / fermata / arresto;Conducente;F;Rimandato;0;NON DECEDUTO;Non accertato;Inesploso
2346000;5;18/04/2015 14:05;Strada Urbana;VIALE KANT;all'intersezione semaforizzata con;VIA SPINOZA;VIA SPINOZA;;;Scontro frontale/laterale SX fra veicoli in marcia;Intersezione semaforizzata;Una carreggiata a senso unico di marcia;Asciutto;Asfaltata;Verticale ed orizzontale;Sereno;Normale;Buona;Ore Diurne;2;0;0;4;12.55345;41.93656;-1;3;Autovettura privata;In marcia / fermata / arresto;Conducente;M;Illeso;0;;Non accertato;Inesploso
2346000;5;18/04/2015 14:05;Strada Urbana;VIALE KANT;all'intersezione semaforizzata con;VIA SPINOZA;VIA SPINOZA;;;Scontro frontale/laterale SX fra veicoli in marcia;Intersezione semaforizzata;Una carreggiata a senso unico di marcia;Asciutto;Asfaltata;Verticale ed orizzontale;Sereno;Normale;Buona;Ore Diurne;2;0;0;4;12.55345;41.93656;-1;4;Autovettura privata;In marcia / fermata / arresto;Conducente;F;Illeso;0;;Non accertato;Inesploso
2346000;5;18/04/2015 14:05;Strada Urbana;VIALE KANT;all'intersezione semaforizzata con;VIA SPINOZA;VIA SPINOZA;;;Scontro frontale/laterale SX fra veicoli in marcia;Intersezione semaforizzata;Una carreggiata a senso unico di marcia;Asciutto;Asfaltata;Verticale ed orizzontale;Sereno;Normale;Buona;Ore Diurne;2;0;0;4;12.55345;41.93656;-1;4;Autovettura privata;In marcia / fermata / arresto;Passeggero;F;Illeso;0;;Non accertato;Inesploso