Protocollo;Gruppo;DataOraIncidente;Localizzazione1;STRADA1;Localizzazione2;STRADA2;Strada02;Chilometrica;DaSpecificare;NaturaIncidente;particolaritastrade;TipoStrada;FondoStradale;Pavimentazione;Segnaletica;CondizioneAtmosferica;Traffico;Visibilita;Illuminazione;NUM_FERITI;NUM_RISERVATA;NUM_MORTI;NUM_ILLESI;Longitudine;Latitudine;Confermato;Progressivo;TipoVeicolo;StatoVeicolo;TipoPersona;Sesso;Tipolesione;Deceduto;DecedutoDopo;CinturaCascoUtilizzato;Airbag
2354050;2;27/04/2015 18:15;Strada Urbana;VIA DEL SACRO CUORE DI MARIA;da specificare;;;;in corrisp. palina ATAC n. 70226;Investimento di pedone;Rettilineo;Una carreggiata a senso unico di marcia;Bagnato (pioggia);Asfaltata;Verticale ed orizzontale;Pioggia in atto;Intenso;Sufficiente;Ore Diurne;1;0;0;1;12.48187;41.92772;-1;;;;Pedone;F;Rimandato;0;NON DECEDUTO;;
2354050;2;27/04/2015 18:15;Strada Urbana;VIA DEL SACRO CUORE DI MARIA;da specificare;;;;in corrisp. palina ATAC n. 70226;Investimento di pedone;Rettilineo;Una carreggiata a senso unico di marcia;Bagnato (pioggia);Asfaltata;Verticale ed orizzontale;Pioggia in atto;Intenso;Sufficiente;Ore Diurne;1;0;0;1;12.48187;41.92772;-1;1;Motociclo a solo;In marcia / fermata / arresto;Conducente;F;Illeso;0;;Non accertato;
2354053;2;27/04/2015 01:10;Strada Urbana;VIALE PARIOLI;in prossimità;;del civico n.;200/c;;Veicolo in marcia contro veicolo in sosta;Curva a visuale libera;Una carreggiata a doppio senso;Asciutto;Asfaltata;Verticale ed orizzontale;Sereno;Scarso;Sufficiente;Sufficiente;0;0;0;1;12.48561;41.92967;-1;2;Autovettura privata;In marcia / fermata / arresto;Conducente;M;Illeso;0;;;
2354061;4;27/04/2015 13:10;Strada Urbana;VIA VALDINIEVOLE;all'intersezione con;VIA VALLE CORTENO;VIA VALLE CORTENO;;;Veicolo in marcia contro veicoli in sosta;Intersezione stradale segnalata;Una carreggiata a doppio senso;Bagnato (pioggia);Asfaltata;Verticale;Nuvoloso;Normale;Buona;Ore Diurne;0;0;0;1;12.52996;41.93527;-1;1;Autovettura privata;In marcia / fermata / arresto;Conducente;M;Illeso;0;;Non accertato;Inesistente
2354065;17;24/04/2015 11:30;Strada Urbana;BORGO PIO;all'intersezione con;VICOLO DEL FARINONE;VICOLO DEL FARINONE;;;Veicolo in marcia contro veicoli in sosta;Intersezione non regolata/non segnalata;Una carreggiata a doppio senso;Asciutto;In cubetti di porfido;Verticale;Nuvoloso;Scarso;Buona;Ore Diurne;0;0;0;1;12.45946;41.90387;-1;1;Autovettura privata;In marcia / fermata / arresto;Conducente;M;Illeso;0;;Non accertato;Inesploso
2354116;18;18/04/2015 17:00;Strada Urbana;VIA GREGORIO VII;in corrispondenza;;del civico n.;278;;Tamponamento;Rettilineo;Più di due carreggiate;Asciutto;Asfaltata;Verticale ed orizzontale;Sereno;Normale;Buona;Ore Diurne;0;0;0;2;12.4402;41.89624;-1;1;Autovettura privata;In marcia / fermata / arresto;Conducente;M;Illeso;0;;Esente;Inesploso
2354116;18;18/04/2015 17:00;Strada Urbana;VIA GREGORIO VII;in corrispondenza;;del civico n.;278;;Tamponamento;Rettilineo;Più di due carreggiate;Asciutto;Asfaltata;Verticale ed orizzontale;Sereno;Normale;Buona;Ore Diurne;0;0;0;2;12.4402;41.89624;-1;2;Autovettura privata;In marcia / fermata / arresto;Conducente;F;Illeso;0;;Non accertato;Inesploso
2354126;19;28/04/2015 08:30;Strada Urbana;VIA DELLA VALLE DEI FONTANILI;all'intersezione con;VIA FRATELLI GRIMM;VIA FRATELLI GRIMM;;;Scontro frontale/laterale SX fra veicoli in marcia;Incrocio;Una carreggiata a doppio senso;Bagnato (pioggia);Asfaltata;Verticale ed orizzontale;Pioggia in atto;Intenso;Buona;Ore Diurne;0;0;0;2;12.40608;41.92551;-1;1;Motociclo a solo;In marcia / fermata / arresto;Conducente;M;Illeso;0;;Non accertato;
2354126;19;28/04/2015 08:30;Strada Urbana;VIA DELLA VALLE DEI FONTANILI;all'intersezione con;VIA FRATELLI GRIMM;VIA FRATELLI GRIMM;;;Scontro frontale/laterale SX fra veicoli in marcia;Incrocio;Una carreggiata a doppio senso;Bagnato (pioggia);Asfaltata;Verticale ed orizzontale;Pioggia in atto;Intenso;Buona;Ore Diurne;0;0;0;2;12.40608;41.92551;-1;2;Autovettura privata;In marcia / fermata / arresto;Conducente;M;Illeso;0;;Non accertato;Inesploso
2354129;11;28/04/2015 09:15;Strada Urbana;VIALE DI TOR MARANCIA;in prossimità;;del civico n.;4;;Investimento di pedone;Rettilineo;Due carreggiate;Bagnato (pioggia);Asfaltata;Verticale ed orizzontale;Pioggia in atto;Normale;Sufficiente;Ore Diurne;1;0;0;1;12.49656;41.85744;-1;;;;Pedone;F;Rimandato;0;NON DECEDUTO;;
2354129;11;28/04/2015 09:15;Strada Urbana;VIALE DI TOR MARANCIA;in prossimità;;del civico n.;4;;Investimento di pedone;Rettilineo;Due carreggiate;Bagnato (pioggia);Asfaltata;Verticale ed orizzontale;Pioggia in atto;Normale;Sufficiente;Ore Diurne;1;0;0;1;12.49656;41.85744;-1;1;Autovettura privata;In marcia / fermata / arresto;Conducente;M;Illeso;0;;Non accertato;Inesploso
2354149;4;27/04/2015 20:00;Strada Urbana;VIA CASSIA;in prossimità;;del civico n.;721;;Investimento di pedone;Rettilineo;Una carreggiata a doppio senso;Bagnato (pioggia);Asfaltata;Verticale ed orizzontale;Pioggia in atto;Scarso;Buona;Sufficiente;1;0;0;1;12.44375;41.96432;-1;;;;Pedone;M;Rimandato;0;NON DECEDUTO;;
2354149;4;27/04/2015 20:00;Strada Urbana;VIA CASSIA;in prossimità;;del civico n.;721;;Investimento di pedone;Rettilineo;Una carreggiata a doppio senso;Bagnato (pioggia);Asfaltata;Verticale ed orizzontale;Pioggia in atto;Scarso;Buona;Sufficiente;1;0;0;1;12.44375;41.96432;-1;1;Motociclo a solo;In marcia / fermata / arresto;Conducente;M;Illeso;0;;Non accertato;
2354200;4;27/04/2015 17:00;Statale entro l'abitato;VIA SALARIA;da specificare;;;;ROTATORIA SETTEBAGNI ALT. CIV. 1398;Scontro laterale fra veicoli in marcia;Rotatoria;Una carreggiata a senso unico di marcia;Bagnato (umidità in atto);Asfaltata;Verticale ed orizzontale;Nuvoloso;Normale;Buona;Ore Diurne;0;0;0;2;12.51691;41.99645;-1;1;Autovettura privata;In marcia / fermata / arresto;Conducente;M;Illeso;0;;Non accertato;Inesploso
2354200;4;27/04/2015 17:00;Statale entro l'abitato;VIA SALARIA;da specificare;;;;ROTATORIA SETTEBAGNI ALT. CIV. 1398;Scontro laterale fra veicoli in marcia;Rotatoria;Una carreggiata a senso unico di marcia;Bagnato (umidità in atto);Asfaltata;Verticale ed orizzontale;Nuvoloso;Normale;Buona;Ore Diurne;0;0;0;2;12.51691;41.99645;-1;2;Autovettura privata;In marcia / fermata / arresto;Conducente;F;Illeso;0;;Non accertato;Inesploso
2354211;17;25/04/2015 01:40;Strada Urbana;LUNGOTEVERE PRATI;in prossimità;;del civico n.;3;;Veicolo in marcia contro veicoli in sosta;Curva a visuale libera;Più di due carreggiate;Asciutto;Asfaltata;Verticale ed orizzontale;Sereno;Scarso;Buona;Sufficiente;0;0;0;2;12.47219;41.90386;-1;1;Autovettura privata;In marcia / fermata / arresto;Conducente;M;Illeso;0;;Non accertato;Inesploso
2354211;17;25/04/2015 01:40;Strada Urbana;LUNGOTEVERE PRATI;in prossimità;;del civico n.;3;;Veicolo in marcia contro veicoli in sosta;Curva a visuale libera;Più di due carreggiate;Asciutto;Asfaltata;Verticale ed orizzontale;Sereno;Scarso;Buona;Sufficiente;0;0;0;2;12.47219;41.90386;-1;1;Autovettura privata;In marcia / fermata / arresto;Passeggero;M;Illeso;0;;Non accertato;Inesploso
2354221;1;28/04/2015 11:00;Strada Urbana;VIA DRUSO;in prossimità;;del civico n.;45;;Scontro frontale fra veicoli in marcia;Curva a visuale libera;Una carreggiata a doppio senso;Bagnato (pioggia);Asfaltata;Verticale ed orizzontale;Pioggia in atto;Normale;Buona;Ore Diurne;2;0;0;0;12.49661;41.88029;-1;1;Motociclo a solo;In marcia / fermata / arresto;Conducente;F;Rimandato;0;NON DECEDUTO;Non accertato;
2354221;1;28/04/2015 11:00;Strada Urbana;VIA DRUSO;in prossimità;;del civico n.;45;;Scontro frontale fra veicoli in marcia;Curva a visuale libera;Una carreggiata a doppio senso;Bagnato (pioggia);Asfaltata;Verticale ed orizzontale;Pioggia in atto;Normale;Buona;Ore Diurne;2;0;0;0;12.49661;41.88029;-1;2;Motociclo a solo;In marcia / fermata / arresto;Conducente;M;Rimandato;0;NON DECEDUTO;Utilizzato;
2354239;20;28/04/2015 10:00;Strada Urbana;VIA DEL FORO ITALICO;da specificare;;;;dirSalar int Gall GiovanniXXIII 300 mt dall'uscita;Scontro laterale fra veicoli in marcia;Galleria illuminata;Una carreggiata a senso unico di marcia;Bagnato (pioggia);Asfaltata;Orizzontale;Nuvoloso;Normale;Buona;Ore Diurne;0;0;0;2;12.45496;41.93661;-1;1;Autovettura privata;In marcia / fermata / arresto;Conducente;M;Illeso;0;;Non accertato;Inesploso
2354239;20;28/04/2015 10:00;Strada Urbana;VIA DEL FORO ITALICO;da specificare;;;;dirSalar int Gall GiovanniXXIII 300 mt dall'uscita;Scontro laterale fra veicoli in marcia;Galleria illuminata;Una carreggiata a senso unico di marcia;Bagnato (pioggia);Asfaltata;Orizzontale;Nuvoloso;Normale;Buona;Ore Diurne;0;0;0;2;12.45496;41.93661;-1;2;Autovettura privata;In marcia / fermata / arresto;Conducente;M;Illeso;0;;Non accertato;Inesploso
2354276;12;23/04/2015 09:40;Provinciale;VIA DEL MARE;in prossimità;;della chilometrica;11;;Tamponamento Multiplo;Rettilineo;Una carreggiata a doppio senso;Asciutto;Asfaltata;Verticale ed orizzontale;Sereno;Normale;Buona;Ore Diurne;1;0;0;6;12.41837;41.80274;-1;1;Autovettura privata;In marcia / fermata / arresto;Conducente;F;Rimandato;0;NON DECEDUTO;Non accertato;Inesploso
2354276;12;23/04/2015 09:40;Provinciale;VIA DEL MARE;in prossimità;;della chilometrica;11;;Tamponamento Multiplo;Rettilineo;Una carreggiata a doppio senso;Asciutto;Asfaltata;Verticale ed orizzontale;Sereno;Normale;Buona;Ore Diurne;1;0;0;6;12.41837;41.80274;-1;2;Autovettura privata;In marcia / fermata / arresto;Conducente;M;Illeso;0;;Non accertato;Inesploso
2354276;12;23/04/2015 09:40;Provinciale;VIA DEL MARE;in prossimità;;della chilometrica;11;;Tamponamento Multiplo;Rettilineo;Una carreggiata a doppio senso;Asciutto;Asfaltata;Verticale ed orizzontale;Sereno;Normale;Buona;Ore Diurne;1;0;0;6;12.41837;41.80274;-1;2;Autovettura privata;In marcia / fermata / arresto;Passeggero;F;Illeso;0;;Non accertato;Inesploso
2354276;12;23/04/2015 09:40;Provinciale;VIA DEL MARE;in prossimità;;della chilometrica;11;;Tamponamento Multiplo;Rettilineo;Una carreggiata a doppio senso;Asciutto;Asfaltata;Verticale ed orizzontale;Sereno;Normale;Buona;Ore Diurne;1;0;0;6;12.41837;41.80274;-1;2;Autovettura privata;In marcia / fermata / arresto;Passeggero;M;Illeso;0;;Non accertato;Inesploso
2354276;12;23/04/2015 09:40;Provinciale;VIA DEL MARE;in prossimità;;della chilometrica;11;;Tamponamento Multiplo;Rettilineo;Una carreggiata a doppio senso;Asciutto;Asfaltata;Verticale ed orizzontale;Sereno;Normale;Buona;Ore Diurne;1;0;0;6;12.41837;41.80274;-1;3;Autovettura privata;In marcia / fermata / arresto;Conducente;M;Illeso;0;;Non accertato;Inesploso
2354276;12;23/04/2015 09:40;Provinciale;VIA DEL MARE;in prossimità;;della chilometrica;11;;Tamponamento Multiplo;Rettilineo;Una carreggiata a doppio senso;Asciutto;Asfaltata;Verticale ed orizzontale;Sereno;Normale;Buona;Ore Diurne;1;0;0;6;12.41837;41.80274;-1;4;Autovettura privata;In marcia / fermata / arresto;Conducente;M;Illeso;0;;Non accertato;Inesploso
2354276;12;23/04/2015 09:40;Provinciale;VIA DEL MARE;in prossimità;;della chilometrica;11;;Tamponamento Multiplo;Rettilineo;Una carreggiata a doppio senso;Asciutto;Asfaltata;Verticale ed orizzontale;Sereno;Normale;Buona;Ore Diurne;1;0;0;6;12.41837;41.80274;-1;5;Autovettura privata;In marcia / fermata / arresto;Conducente;M;Illeso;0;;Utilizzato;Inesploso
2354308;13;28/04/2015 10:30;Strada Urbana;VIA ISOLE DEL CAPO VERDE;da specificare;;;;civ.29-31 altezza edicola;Investimento di pedone;Rettilineo;Una carreggiata a doppio senso;Bagnato (pioggia);Asfaltata;Verticale ed orizzontale;Pioggia in atto;Normale;Buona;Ore Diurne;1;0;0;1;12.27388;41.73787;-1;;;;Pedone;F;Rifiuta cure immediate;0;NON DECEDUTO;;
2354308;13;28/04/2015 10:30;Strada Urbana;VIA ISOLE DEL CAPO VERDE;da specificare;;;;civ.29-31 altezza edicola;Investimento di pedone;Rettilineo;Una carreggiata a doppio senso;Bagnato (pioggia);Asfaltata;Verticale ed orizzontale;Pioggia in atto;Normale;Buona;Ore Diurne;1;0;0;1;12.27388;41.73787;-1;1;Autovettura privata;In marcia / fermata / arresto;Conducente;M;Illeso;0;;Non accertato;Inesploso
2354352;12;16/04/2015 12:28;Strada Urbana;VIA DI VALLERANO;da specificare;;;;DIREZIONE LAURENTINA ALTEZZA CIVICO 89;Scontro laterale fra veicoli in marcia;Rettilineo;Una carreggiata a doppio senso;Asciutto;Asfaltata;Verticale ed orizzontale;Sereno;Scarso;Buona;Ore Diurne;0;0;0;2;12.46164;41.78709;-1;1;Autovettura privata;In marcia / fermata / arresto;Conducente;F;Illeso;0;;Non accertato;Inesploso
2354352;12;16/04/2015 12:28;Strada Urbana;VIA DI VALLERANO;da specificare;;;;DIREZIONE LAURENTINA ALTEZZA CIVICO 89;Scontro laterale fra veicoli in marcia;Rettilineo;Una carreggiata a doppio senso;Asciutto;Asfaltata;Verticale ed orizzontale;Sereno;Scarso;Buona;Ore Diurne;0;0;0;2;12.46164;41.78709;-1;2;Autovettura privata;In marcia / fermata / arresto;Conducente;F;Illeso;0;;Non accertato;Inesploso
2354356;6;28/04/2015 12:30;Strada Urbana;VIA PRENESTINA;in prossimità;;del civico n.;180;;Tamponamento;Rettilineo;Una carreggiata a doppio senso;Asciutto;Asfaltata;Verticale ed orizzontale;Sereno;Normale;Buona;Ore Diurne;8;0;0;1;12.53437;41.89211;-1;1;Vettura tranviaria;In marcia / fermata / arresto;Conducente;M;Rimandato;0;NON DECEDUTO;Esente;
2354356;6;28/04/2015 12:30;Strada Urbana;VIA PRENESTINA;in prossimità;;del civico n.;180;;Tamponamento;Rettilineo;Una carreggiata a doppio senso;Asciutto;Asfaltata;Verticale ed orizzontale;Sereno;Normale;Buona;Ore Diurne;8;0;0;1;12.53437;41.89211;-1;1;Vettura tranviaria;In marcia / fermata / arresto;Passeggero;F;Rimandato;0;NON DECEDUTO;Esente;
2354356;6;28/04/2015 12:30;Strada Urbana;VIA PRENESTINA;in prossimità;;del civico n.;180;;Tamponamento;Rettilineo;Una carreggiata a doppio senso;Asciutto;Asfaltata;Verticale ed orizzontale;Sereno;Normale;Buona;Ore Diurne;8;0;0;1;12.53437;41.89211;-1;1;Vettura tranviaria;In marcia / fermata / arresto;Passeggero;M;Rifiuta cure immediate;0;NON DECEDUTO;Esente;
2354356;6;28/04/2015 12:30;Strada Urbana;VIA PRENESTINA;in prossimità;;del civico n.;180;;Tamponamento;Rettilineo;Una carreggiata a doppio senso;Asciutto;Asfaltata;Verticale ed orizzontale;Sereno;Normale;Buona;Ore Diurne;8;0;0;1;12.53437;41.89211;-1;2;Vettura tranviaria;In marcia / fermata / arresto;Conducente;M;Illeso;0;;Esente;
2354356;6;28/04/2015 12:30;Strada Urbana;VIA PRENESTINA;in prossimità;;del civico n.;180;;Tamponamento;Rettilineo;Una carreggiata a doppio senso;Asciutto;Asfaltata;Verticale ed orizzontale;Sereno;Normale;Buona;Ore Diurne;8;0;0;1;12.53437;41.89211;-1;2;Vettura tranviaria;In marcia / fermata / arresto;Passeggero;F;Rimandato;0;NON DECEDUTO;Esente;
2354356;6;28/04/2015 12:30;Strada Urbana;VIA PRENESTINA;in prossimità;;del civico n.;180;;Tamponamento;Rettilineo;Una carreggiata a doppio senso;Asciutto;Asfaltata;Verticale ed orizzontale;Sereno;Normale;Buona;Ore Diurne;8;0;0;1;12.53437;41.89211;-1;2;Vettura tranviaria;In marcia / fermata / arresto;Passeggero;F;Rifiuta cure immediate;0;NON DECEDUTO;Esente;
2354356;6;28/04/2015 12:30;Strada Urbana;VIA PRENESTINA;in prossimità;;del civico n.;180;;Tamponamento;Rettilineo;Una carreggiata a doppio senso;Asciutto;Asfaltata;Verticale ed orizzontale;Sereno;Normale;Buona;Ore Diurne;8;0;0;1;12.53437;41.89211;-1;2;Vettura tranviaria;In marcia / fermata / arresto;Passeggero;F;Rifiuta cure immediate;0;NON DECEDUTO;Esente;
2354356;6;28/04/2015 12:30;Strada Urbana;VIA PRENESTINA;in prossimità;;del civico n.;180;;Tamponamento;Rettilineo;Una carreggiata a doppio senso;Asciutto;Asfaltata;Verticale ed orizzontale;Sereno;Normale;Buona;Ore Diurne;8;0;0;1;12.53437;41.89211;-1;2;Vettura tranviaria;In marcia / fermata / arresto;Passeggero;M;Rifiuta cure immediate;0;NON DECEDUTO;Esente;
2354356;6;28/04/2015 12:30;Strada Urbana;VIA PRENESTINA;in prossimità;;del civico n.;180;;Tamponamento;Rettilineo;Una carreggiata a doppio senso;Asciutto;Asfaltata;Verticale ed orizzontale;Sereno;Normale;Buona;Ore Diurne;8;0;0;1;12.53437;41.89211;-1;2;Vettura tranviaria;In marcia / fermata / arresto;Passeggero;F;Rimandato;0;NON DECEDUTO;Esente;
2354391;12;23/04/2015 16:00;Provinciale;VIA PONTINA;da specificare;;;;KM. 21,00 DIREZIONE ROMA;Veicolo in marcia contro ostacolo accidentale;Rettilineo;Due carreggiate;Asciutto;Con buche;Verticale ed orizzontale;Nuvoloso;Intenso;Buona;Ore Diurne;0;0;0;1;12.45072;41.78954;-1;1;Autovettura privata;In marcia / fermata / arresto;Conducente;M;Illeso;0;;Non accertato;Inesploso
2354423;20;28/04/2015 14:00;Strada Urbana;VIA FORNACE VIGNOLO;da specificare;;;;prossimità via Flaminia;Scontro frontale fra veicoli in marcia;Curva senza visuale libera;Una carreggiata a doppio senso;Bagnato (pioggia);Asfaltata;Orizzontale;Pioggia in atto;Normale;Buona;Ore Diurne;0;0;0;2;12.4992;41.98932;-1;1;Autovettura privata;In marcia / fermata / arresto;Conducente;M;Illeso;0;;Non accertato;Inesistente
2354423;20;28/04/2015 14:00;Strada Urbana;VIA FORNACE VIGNOLO;da specificare;;;;prossimità via Flaminia;Scontro frontale fra veicoli in marcia;Curva senza visuale libera;Una carreggiata a doppio senso;Bagnato (pioggia);Asfaltata;Orizzontale;Pioggia in atto;Normale;Buona;Ore Diurne;0;0;0;2;12.4992;41.98932;-1;2;Autocarro inferiore 35 q.;In marcia / fermata / arresto;Conducente;M;Illeso;0;;Non accertato;Inesploso
2354427;2;28/04/2015 11:55;Strada Urbana;VIA NOMENTANA;da specificare;;;;alt. via Tembien (corsie centrali);Investimento di pedone;Rettilineo;Più di due carreggiate;Bagnato (umidità in atto);Asfaltata;Verticale ed orizzontale;Nuvoloso;Normale;Buona;Ore Diurne;1;0;0;4;12.52529;41.92878;-1;;;;Pedone;M;Ricoverato;0;NON DECEDUTO;;
2354427;2;28/04/2015 11:55;Strada Urbana;VIA NOMENTANA;da specificare;;;;alt. via Tembien (corsie centrali);Investimento di pedone;Rettilineo;Più di due carreggiate;Bagnato (umidità in atto);Asfaltata;Verticale ed orizzontale;Nuvoloso;Normale;Buona;Ore Diurne;1;0;0;4;12.52529;41.92878;-1;1;Autovettura pubblica;In marcia / fermata / arresto;Conducente;M;Illeso;0;;Non accertato;Inesploso
2354427;2;28/04/2015 11:55;Strada Urbana;VIA NOMENTANA;da specificare;;;;alt. via Tembien (corsie centrali);Investimento di pedone;Rettilineo;Più di due carreggiate;Bagnato (umidità in atto);Asfaltata;Verticale ed orizzontale;Nuvoloso;Normale;Buona;Ore Diurne;1;0;0;4;12.52529;41.92878;-1;1;Autovettura pubblica;In marcia / fermata / arresto;Passeggero;M;Illeso;0;;Non accertato;Inesploso
2354427;2;28/04/2015 11:55;Strada Urbana;VIA NOMENTANA;da specificare;;;;alt. via Tembien (corsie centrali);Investimento di pedone;Rettilineo;Più di due carreggiate;Bagnato (umidità in atto);Asfaltata;Verticale ed orizzontale;Nuvoloso;Normale;Buona;Ore Diurne;1;0;0;4;12.52529;41.92878;-1;1;Autovettura pubblica;In marcia / fermata / arresto;Passeggero;F;Illeso;0;;Non accertato;Inesploso
2354427;2;28/04/2015 11:55;Strada Urbana;VIA NOMENTANA;da specificare;;;;alt. via Tembien (corsie centrali);Investimento di pedone;Rettilineo;Più di due carreggiate;Bagnato (umidità in atto);Asfaltata;Verticale ed orizzontale;Nuvoloso;Normale;Buona;Ore Diurne;1;0;0;4;12.52529;41.92878;-1;1;Autovettura pubblica;In marcia / fermata / arresto;Passeggero;M;Illeso;0;;Non accertato;Inesploso
2354432;13;28/04/2015 13:40;Strada Urbana;VIA CARLO CASINI;all'intersezione con;VIA PIETRO BENEDETTI;VIA PIETRO BENEDETTI;;;Scontro frontale/laterale SX fra veicoli in marcia;Incrocio;Una carreggiata a senso unico di marcia;Bagnato (umidità in atto);Asfaltata;Verticale ed orizzontale;Nuvoloso;Normale;Buona;Ore Diurne;1;0;0;1;12.33759;41.78204;-1;1;Autovettura privata;In marcia / fermata / arresto;Conducente;M;Illeso;0;;;
2354432;13;28/04/2015 13:40;Strada Urbana;VIA CARLO CASINI;all'intersezione con;VIA PIETRO BENEDETTI;VIA PIETRO BENEDETTI;;;Scontro frontale/laterale SX fra veicoli in marcia;Incrocio;Una carreggiata a senso unico di marcia;Bagnato (umidità in atto);Asfaltata;Verticale ed orizzontale;Nuvoloso;Normale;Buona;Ore Diurne;1;0;0;1;12.33759;41.78204;-1;2;Autovettura privata;In marcia / fermata / arresto;Conducente;M;Ricoverato;0;NON DECEDUTO;;
2354433;9;28/04/2015 13:30;Strada Urbana;VIA GENZANO;all'intersezione con;VIA ROCCA DI PAPA;VIA ROCCA DI PAPA;;;Scontro frontale/laterale DX fra veicoli in marcia;Incrocio;Una carreggiata a doppio senso;Bagnato (pioggia);Asfaltata;Verticale ed orizzontale;Pioggia in atto;Normale;Buona;Ore Diurne;0;0;0;2;12.53495;41.86928;-1;1;Autovettura privata;In marcia / fermata / arresto;Conducente;M;Illeso;0;;Non accertato;Inesploso
2354433;9;28/04/2015 13:30;Strada Urbana;VIA GENZANO;all'intersezione con;VIA ROCCA DI PAPA;VIA ROCCA DI PAPA;;;Scontro frontale/laterale DX fra veicoli in marcia;Incrocio;Una carreggiata a doppio senso;Bagnato (pioggia);Asfaltata;Verticale ed orizzontale;Pioggia in atto;Normale;Buona;Ore Diurne;0;0;0;2;12.53495;41.86928;-1;2;Autovettura privata;In marcia / fermata / arresto;Conducente;M;Illeso;0;;;
2354437;11;28/04/2015 13:10;Strada Urbana;VIA DI TOR CARBONE;in prossimità;;del civico n.;201;;Veicolo in marcia contro ostacolo accidentale;Rettilineo;Una carreggiata a doppio senso;Bagnato (pioggia);Con buche;Verticale ed orizzontale;Pioggia in atto;Normale;Sufficiente;Ore Diurne;0;0;0;1;12.52045;41.82699;-1;1;Ciclomotore;In marcia / fermata / arresto;Conducente;M;Illeso;0;;;
2354473;17;26/04/2015 16:00;Strada Urbana;VIALE VATICANO;all'intersezione semaforizzata con;VIA LEONE IV;VIA LEONE IV;;;Fuoriuscita dalla sede stradale;Intersezione semaforizzata;Una carreggiata a doppio senso;Asciutto;Asfaltata;Verticale ed orizzontale;Sereno;Normale;Buona;Ore Diurne;0;0;0;2;12.45542;41.90747;-1;1;Autovettura privata;In marcia / fermata / arresto;Conducente;F;Illeso;0;;Utilizzato;
2354473;17;26/04/2015 16:00;Strada Urbana;VIALE VATICANO;all'intersezione semaforizzata con;VIA LEONE IV;VIA LEONE IV;;;Fuoriuscita dalla sede stradale;Intersezione semaforizzata;Una carreggiata a doppio senso;Asciutto;Asfaltata;Verticale ed orizzontale;Sereno;Normale;Buona;Ore Diurne;0;0;0;2;12.45542;41.90747;-1;1;Autovettura privata;In marcia / fermata / arresto;Passeggero;F;Illeso;0;;Utilizzato;
2354475;1;27/04/2015 08:30;Strada Urbana;VIA BONCOMPAGNI;all'intersezione con;VIA LUCANIA;VIA LUCANIA;;;Scontro frontale fra veicoli in marcia;Intersezione stradale segnalata;Una carreggiata a senso unico di marcia;Asciutto;Asfaltata;Verticale ed orizzontale;Nuvoloso;Intenso;Buona;Ore Diurne;0;0;0;2;12.49694;41.90929;-1;1;Autovettura privata;In marcia / fermata / arresto;Conducente;M;Illeso;0;;;
2354475;1;27/04/2015 08:30;Strada Urbana;VIA BONCOMPAGNI;all'intersezione con;VIA LUCANIA;VIA LUCANIA;;;Scontro frontale fra veicoli in marcia;Intersezione stradale segnalata;Una carreggiata a senso unico di marcia;Asciutto;Asfaltata;Verticale ed orizzontale;Nuvoloso;Intenso;Buona;Ore Diurne;0;0;0;2;12.49694;41.90929;-1;2;Autovettura privata;In marcia / fermata / arresto;Conducente;M;Illeso;0;;Non accertato;Inesploso
2354484;1;27/04/2015 19:10;Strada Urbana;VIA GIOVANNI BRANCA;in prossimità;;del civico n.;9;;Investimento di pedone;Rettilineo;Una carreggiata a senso unico di marcia;Bagnato (pioggia);Asfaltata;Verticale ed orizzontale;Pioggia in atto;Normale;Sufficiente;Ore Diurne;0;0;0;2;12.47651;41.88153;-1;;;;Pedone sconosciuto;;Illeso;0;;;
2354484;1;27/04/2015 19:10;Strada Urbana;VIA GIOVANNI BRANCA;in prossimità;;del civico n.;9;;Investimento di pedone;Rettilineo;Una carreggiata a senso unico di marcia;Bagnato (pioggia);Asfaltata;Verticale ed orizzontale;Pioggia in atto;Normale;Sufficiente;Ore Diurne;0;0;0;2;12.47651;41.88153;-1;1;Macchina operatrice;In marcia / fermata / arresto;Conducente;F;Illeso;0;;;
2354508;1;27/04/2015 20:00;Strada Urbana;VIA MACHIAVELLI;all'intersezione con;VIA GIUSTI;VIA GIUSTI;;;Scontro frontale/laterale SX fra veicoli in marcia;Incrocio;Una carreggiata a senso unico di marcia;Bagnato (pioggia);Asfaltata;Verticale ed orizzontale;Pioggia in atto;Normale;Sufficiente;Sufficiente;0;0;0;2;12.5033;41.89269;-1;1;Autovettura privata;In marcia / fermata / arresto;Conducente;F;Illeso;0;;Non accertato;
2354508;1;27/04/2015 20:00;Strada Urbana;VIA MACHIAVELLI;all'intersezione con;VIA GIUSTI;VIA GIUSTI;;;Scontro frontale/laterale SX fra veicoli in marcia;Incrocio;Una carreggiata a senso unico di marcia;Bagnato (pioggia);Asfaltata;Verticale ed orizzontale;Pioggia in atto;Normale;Sufficiente;Sufficiente;0;0;0;2;12.5033;41.89269;-1;2;Autovettura privata;In marcia / fermata / arresto;Conducente;F;Illeso;0;;Non accertato;
2354519;6;28/04/2015 15:00;Strada Urbana;VIA ANAGNI;in prossimità;;del civico n.;91;;Scontro frontale/laterale SX fra veicoli in marcia;Rettilineo;Una carreggiata a doppio senso;Bagnato (pioggia);Asfaltata;Assente;Pioggia in atto;Normale;Buona;Ore Diurne;1;0;0;1;12.55931;41.89045;-1;1;Autovettura privata;In marcia / fermata / arresto;Conducente;F;Rimandato;0;NON DECEDUTO;Non accertato;Inesistente