Protocollo;Gruppo;DataOraIncidente;Localizzazione1;STRADA1;Localizzazione2;STRADA2;Strada02;Chilometrica;DaSpecificare;NaturaIncidente;particolaritastrade;TipoStrada;FondoStradale;Pavimentazione;Segnaletica;CondizioneAtmosferica;Traffico;Visibilita;Illuminazione;NUM_FERITI;NUM_RISERVATA;NUM_MORTI;NUM_ILLESI;Longitudine;Latitudine;Confermato;Progressivo;TipoVeicolo;StatoVeicolo;TipoPersona;Sesso;Tipolesione;Deceduto;DecedutoDopo;CinturaCascoUtilizzato;Airbag
2355060;15;28/04/2015 20:00;Strada Urbana;VIA PORTUENSE;all'intersezione semaforizzata con;VIA DELLA CASETTA MATTEI;VIA DELLA CASETTA MATTEI;;;Tamponamento Multiplo;Intersezione semaforizzata;Una carreggiata a doppio senso;Bagnato (pioggia);Asfaltata;Orizzontale;Pioggia in atto;Normale;Buona;Sufficiente;2;0;0;1;12.40939;41.84342;-1;1;Autovettura privata;In marcia / fermata / arresto;Conducente;M;Rimandato;0;NON DECEDUTO;;
2355060;15;28/04/2015 20:00;Strada Urbana;VIA PORTUENSE;all'intersezione semaforizzata con;VIA DELLA CASETTA MATTEI;VIA DELLA CASETTA MATTEI;;;Tamponamento Multiplo;Intersezione semaforizzata;Una carreggiata a doppio senso;Bagnato (pioggia);Asfaltata;Orizzontale;Pioggia in atto;Normale;Buona;Sufficiente;2;0;0;1;12.40939;41.84342;-1;2;Autovettura privata;In marcia / fermata / arresto;Conducente;F;Rimandato;0;NON DECEDUTO;;
2355060;15;28/04/2015 20:00;Strada Urbana;VIA PORTUENSE;all'intersezione semaforizzata con;VIA DELLA CASETTA MATTEI;VIA DELLA CASETTA MATTEI;;;Tamponamento Multiplo;Intersezione semaforizzata;Una carreggiata a doppio senso;Bagnato (pioggia);Asfaltata;Orizzontale;Pioggia in atto;Normale;Buona;Sufficiente;2;0;0;1;12.40939;41.84342;-1;3;Autovettura privata;In marcia / fermata / arresto;Conducente;F;Illeso;0;;;
2355064;11;28/04/2015 22:30;Strada Urbana;VIA CRISTOFORO COLOMBO;in corrispondenza;;del palo luce n.;149;;Veicolo in marcia contro ostacolo fisso;Curva a visuale libera;Più di due carreggiate;Bagnato (pioggia);Asfaltata;Verticale ed orizzontale;Sereno;Normale;Sufficiente;Sufficiente;1;0;0;0;12.49847;41.86109;-1;1;Autovettura privata;In marcia / fermata / arresto;Conducente;F;Rimandato;0;NON DECEDUTO;Non accertato;Inesploso
2355076;15;28/04/2015 18:00;Strada Urbana;VIA DELLA MAGLIANA;in prossimità;;del palo luce n.;277;;Scontro frontale/laterale DX fra veicoli in marcia;Curva senza visuale libera;Una carreggiata a doppio senso;Bagnato (pioggia);Asfaltata;Orizzontale;Pioggia in atto;Normale;Buona;Ore Diurne;1;0;0;2;12.41968;41.83177;-1;1;Autovettura privata;In marcia / fermata / arresto;Conducente;M;Illeso;0;;;
2355076;15;28/04/2015 18:00;Strada Urbana;VIA DELLA MAGLIANA;in prossimità;;del palo luce n.;277;;Scontro frontale/laterale DX fra veicoli in marcia;Curva senza visuale libera;Una carreggiata a doppio senso;Bagnato (pioggia);Asfaltata;Orizzontale;Pioggia in atto;Normale;Buona;Ore Diurne;1;0;0;2;12.41968;41.83177;-1;1;Autovettura privata;In marcia / fermata / arresto;Passeggero;F;Illeso;0;;;
2355076;15;28/04/2015 18:00;Strada Urbana;VIA DELLA MAGLIANA;in prossimità;;del palo luce n.;277;;Scontro frontale/laterale DX fra veicoli in marcia;Curva senza visuale libera;Una carreggiata a doppio senso;Bagnato (pioggia);Asfaltata;Orizzontale;Pioggia in atto;Normale;Buona;Ore Diurne;1;0;0;2;12.41968;41.83177;-1;2;Motociclo a solo;In marcia / fermata / arresto;Conducente;M;Rimandato;0;NON DECEDUTO;Non accertato;
2355084;15;28/04/2015 16:30;Strada Urbana;VIA DELLA CASETTA MATTEI;da specificare;;;;fronte civico 253;Tamponamento;Rettilineo;Una carreggiata a doppio senso;Bagnato (pioggia);Asfaltata;Verticale ed orizzontale;Pioggia in atto;Normale;Buona;Ore Diurne;0;0;0;2;12.41945;41.85836;-1;1;Autovettura privata;In marcia / fermata / arresto;Conducente;F;Illeso;0;;Utilizzato;
2355084;15;28/04/2015 16:30;Strada Urbana;VIA DELLA CASETTA MATTEI;da specificare;;;;fronte civico 253;Tamponamento;Rettilineo;Una carreggiata a doppio senso;Bagnato (pioggia);Asfaltata;Verticale ed orizzontale;Pioggia in atto;Normale;Buona;Ore Diurne;0;0;0;2;12.41945;41.85836;-1;2;Autovettura privata;In marcia / fermata / arresto;Conducente;M;Illeso;0;;Utilizzato;
2355090;15;28/04/2015 18:00;Strada Urbana;VIALE CASTELLO DELLA MAGLIANA;da specificare;;;;rampa uscita autostrada RM-FIUM. dir. centro;Tamponamento;Rettilineo;Una carreggiata a senso unico di marcia;Asciutto;Asfaltata;Verticale ed orizzontale;Nuvoloso;Normale;Buona;Ore Diurne;0;0;0;2;12.41357;41.82326;-1;1;Autovettura privata;In marcia / fermata / arresto;Conducente;M;Illeso;0;;Utilizzato;
2355090;15;28/04/2015 18:00;Strada Urbana;VIALE CASTELLO DELLA MAGLIANA;da specificare;;;;rampa uscita autostrada RM-FIUM. dir. centro;Tamponamento;Rettilineo;Una carreggiata a senso unico di marcia;Asciutto;Asfaltata;Verticale ed orizzontale;Nuvoloso;Normale;Buona;Ore Diurne;0;0;0;2;12.41357;41.82326;-1;2;Autovettura privata;In marcia / fermata / arresto;Conducente;M;Illeso;0;;Utilizzato;
2355095;7;28/04/2015 09:10;Strada Urbana;VIA VIRGILIO GUIDI;in prossimità;;del palo luce n.;9;;Scontro frontale/laterale DX fra veicoli in marcia;Curva senza visuale libera;Una carreggiata a doppio senso;Bagnato (pioggia);Asfaltata;Orizzontale;Pioggia in atto;Normale;Buona;Ore Diurne;2;0;0;0;12.59912;41.90905;-1;1;Autovettura privata;In marcia / fermata / arresto;Conducente;F;Rimandato;0;NON DECEDUTO;Non accertato;Inesploso
2355095;7;28/04/2015 09:10;Strada Urbana;VIA VIRGILIO GUIDI;in prossimità;;del palo luce n.;9;;Scontro frontale/laterale DX fra veicoli in marcia;Curva senza visuale libera;Una carreggiata a doppio senso;Bagnato (pioggia);Asfaltata;Orizzontale;Pioggia in atto;Normale;Buona;Ore Diurne;2;0;0;0;12.59912;41.90905;-1;2;Autovettura privata;In marcia / fermata / arresto;Conducente;F;Rimandato;0;NON DECEDUTO;Non accertato;Inesploso
2355097;9;28/04/2015 21:00;Strada Urbana;VIA TUSCOLANA;in corrispondenza;;del civico n.;735;;Tamponamento;Rettilineo;Due carreggiate;Bagnato (umidità in atto);Asfaltata;Verticale ed orizzontale;Nuvoloso;Normale;Buona;Sufficiente;1;0;0;2;12.55508;41.86107;-1;1;Autovettura privata;In marcia / fermata / arresto;Conducente;M;Illeso;0;;Non accertato;Inesploso
2355097;9;28/04/2015 21:00;Strada Urbana;VIA TUSCOLANA;in corrispondenza;;del civico n.;735;;Tamponamento;Rettilineo;Due carreggiate;Bagnato (umidità in atto);Asfaltata;Verticale ed orizzontale;Nuvoloso;Normale;Buona;Sufficiente;1;0;0;2;12.55508;41.86107;-1;1;Autovettura privata;In marcia / fermata / arresto;Passeggero;F;Illeso;0;;Non accertato;Inesploso
2355097;9;28/04/2015 21:00;Strada Urbana;VIA TUSCOLANA;in corrispondenza;;del civico n.;735;;Tamponamento;Rettilineo;Due carreggiate;Bagnato (umidità in atto);Asfaltata;Verticale ed orizzontale;Nuvoloso;Normale;Buona;Sufficiente;1;0;0;2;12.55508;41.86107;-1;2;Motociclo a solo;In marcia / fermata / arresto;Conducente;M;Rimandato;0;NON DECEDUTO;;
2355099;13;29/04/2015 00:05;Strada Urbana;VIA ERNESTO BOEZI;in prossimità;;del civico n.;231;;Veicolo in marcia contro ostacolo accidentale;Rettilineo;Una carreggiata a doppio senso;Bagnato (umidità in atto);Asfaltata;Assente;Nuvoloso;Scarso;Buona;Sufficiente;0;0;0;2;12.37485;41.74376;-1;1;Autovettura privata;In marcia / fermata / arresto;Conducente;F;Illeso;0;;Non accertato;Inesploso
2355099;13;29/04/2015 00:05;Strada Urbana;VIA ERNESTO BOEZI;in prossimità;;del civico n.;231;;Veicolo in marcia contro ostacolo accidentale;Rettilineo;Una carreggiata a doppio senso;Bagnato (umidità in atto);Asfaltata;Assente;Nuvoloso;Scarso;Buona;Sufficiente;0;0;0;2;12.37485;41.74376;-1;1;Autovettura privata;In marcia / fermata / arresto;Passeggero;M;Illeso;0;;;
2355111;5;28/04/2015 07:30;Strada Urbana;VIA DEI MONTI TIBURTINI;da specificare;;;;svincolo dir. via Monti di Pietralata;Scontro frontale fra veicoli in marcia;Rettilineo;Una carreggiata a senso unico di marcia;Bagnato (pioggia);Asfaltata;Orizzontale;Nuvoloso;Normale;Buona;Ore Diurne;0;0;0;2;12.52804;41.9217;-1;1;Autocarro inferiore 35 q.;In marcia / fermata / arresto;Conducente;M;Illeso;0;;Non accertato;
2355111;5;28/04/2015 07:30;Strada Urbana;VIA DEI MONTI TIBURTINI;da specificare;;;;svincolo dir. via Monti di Pietralata;Scontro frontale fra veicoli in marcia;Rettilineo;Una carreggiata a senso unico di marcia;Bagnato (pioggia);Asfaltata;Orizzontale;Nuvoloso;Normale;Buona;Ore Diurne;0;0;0;2;12.52804;41.9217;-1;2;Autovettura privata;In marcia / fermata / arresto;Conducente;M;Illeso;0;;Non accertato;
2355115;7;28/04/2015 23:25;Strada Urbana;VIALE S. RITA DA CASCIA;da specificare;;;;all'intersezione con Via Giuseppe Baldrighi;Veicolo in marcia contro ostacolo fisso;Curva a visuale libera;Una carreggiata a doppio senso;Bagnato (pioggia);Asfaltata;Orizzontale;Nuvoloso;Scarso;Sufficiente;Sufficiente;0;0;0;2;12.64643;41.86717;-1;1;Autovettura privata;In marcia / fermata / arresto;Conducente;F;Illeso;0;;Non accertato;Inesploso
2355115;7;28/04/2015 23:25;Strada Urbana;VIALE S. RITA DA CASCIA;da specificare;;;;all'intersezione con Via Giuseppe Baldrighi;Veicolo in marcia contro ostacolo fisso;Curva a visuale libera;Una carreggiata a doppio senso;Bagnato (pioggia);Asfaltata;Orizzontale;Nuvoloso;Scarso;Sufficiente;Sufficiente;0;0;0;2;12.64643;41.86717;-1;1;Autovettura privata;In marcia / fermata / arresto;Passeggero;F;Illeso;0;;Non accertato;Inesploso
2355122;5;28/04/2015 09:00;Strada Urbana;tangenziale / est dir. salaria;da specificare;;;;cavalcavia VIA DI PORTONACCIO;Scontro laterale fra veicoli in marcia;Curva senza visuale libera;Due carreggiate;Bagnato (pioggia);Asfaltata;Verticale ed orizzontale;Pioggia in atto;Intenso;Buona;Ore Diurne;0;0;0;3;12.5341;41.90687;-1;1;Autovettura privata;In marcia / fermata / arresto;Conducente;F;Illeso;0;;Non accertato;Inesistente
2355122;5;28/04/2015 09:00;Strada Urbana;tangenziale / est dir. salaria;da specificare;;;;cavalcavia VIA DI PORTONACCIO;Scontro laterale fra veicoli in marcia;Curva senza visuale libera;Due carreggiate;Bagnato (pioggia);Asfaltata;Verticale ed orizzontale;Pioggia in atto;Intenso;Buona;Ore Diurne;0;0;0;3;12.5341;41.90687;-1;2;Autovettura privata;In marcia / fermata / arresto;Conducente;M;Illeso;0;;Non accertato;Inesistente
2355122;5;28/04/2015 09:00;Strada Urbana;tangenziale / est dir. salaria;da specificare;;;;cavalcavia VIA DI PORTONACCIO;Scontro laterale fra veicoli in marcia;Curva senza visuale libera;Due carreggiate;Bagnato (pioggia);Asfaltata;Verticale ed orizzontale;Pioggia in atto;Intenso;Buona;Ore Diurne;0;0;0;3;12.5341;41.90687;-1;2;Autovettura privata;In marcia / fermata / arresto;Passeggero;F;Illeso;0;;Non accertato;Inesistente
2355123;5;28/04/2015 09:12;Strada Urbana;VIA TIBURTINA;da specificare;;;;prossimità via Camesena;Tamponamento;Rettilineo;Due carreggiate;Bagnato (pioggia);Asfaltata;Verticale ed orizzontale;Pioggia in atto;Intenso;Sufficiente;Ore Diurne;2;0;0;1;12.5348;41.90841;-1;1;Autovettura privata;In marcia / fermata / arresto;Conducente;M;Illeso;0;;Non accertato;
2355123;5;28/04/2015 09:12;Strada Urbana;VIA TIBURTINA;da specificare;;;;prossimità via Camesena;Tamponamento;Rettilineo;Due carreggiate;Bagnato (pioggia);Asfaltata;Verticale ed orizzontale;Pioggia in atto;Intenso;Sufficiente;Ore Diurne;2;0;0;1;12.5348;41.90841;-1;2;Autovettura di polizia;In marcia / fermata / arresto;Conducente;M;Rimandato;0;NON DECEDUTO;Non accertato;
2355123;5;28/04/2015 09:12;Strada Urbana;VIA TIBURTINA;da specificare;;;;prossimità via Camesena;Tamponamento;Rettilineo;Due carreggiate;Bagnato (pioggia);Asfaltata;Verticale ed orizzontale;Pioggia in atto;Intenso;Sufficiente;Ore Diurne;2;0;0;1;12.5348;41.90841;-1;2;Autovettura di polizia;In marcia / fermata / arresto;Passeggero;M;Rimandato;0;NON DECEDUTO;Non accertato;
2355126;5;28/04/2015 13:00;Strada Urbana;VIA DI CERVARA;da specificare;;;;prossimità via Dafne;Veicolo in marcia contro ostacolo accidentale;Rettilineo;Una carreggiata a doppio senso;Bagnato (pioggia);Asfaltata;Assente;Pioggia in atto;Scarso;Insufficiente;Ore Diurne;1;0;0;0;12.59598;41.91729;-1;1;Motociclo a solo;In marcia / fermata / arresto;Conducente;M;Rimandato;0;NON DECEDUTO;;
2355132;5;28/04/2015 13:30;Strada Urbana;tangenziale / est dir. salaria;da specificare;;;;tratto Monti Tiburtini uscita Nomentana;Ribaltamento senza urto contro ostacolo fisso;Galleria illuminata;Una carreggiata a senso unico di marcia;Bagnato (umidità in atto);Asfaltata;Orizzontale;Nuvoloso;Normale;Buona;Ore Diurne;1;0;0;1;12.52778;41.92375;-1;1;Autovettura privata;In marcia / fermata / arresto;Conducente;M;Rimandato;0;NON DECEDUTO;Non accertato;
2355132;5;28/04/2015 13:30;Strada Urbana;tangenziale / est dir. salaria;da specificare;;;;tratto Monti Tiburtini uscita Nomentana;Ribaltamento senza urto contro ostacolo fisso;Galleria illuminata;Una carreggiata a senso unico di marcia;Bagnato (umidità in atto);Asfaltata;Orizzontale;Nuvoloso;Normale;Buona;Ore Diurne;1;0;0;1;12.52778;41.92375;-1;1;Autovettura privata;In marcia / fermata / arresto;Passeggero;M;Illeso;0;;Non accertato;
2355135;5;28/04/2015 18:00;Strada Urbana;VIA RINALDO D'AQUINO;da specificare;;;;tratto compreso tra il palo Acea 9 e 11;Veicolo in marcia contro ostacolo fisso;Rettilineo;Una carreggiata a senso unico di marcia;Bagnato (pioggia);Asfaltata;Orizzontale;Pioggia in atto;Normale;Buona;Ore Diurne;1;0;0;0;12.61085;41.96467;-1;1;Autovettura privata;In marcia / fermata / arresto;Conducente;M;Rimandato;0;NON DECEDUTO;Non accertato;
2355159;11;29/04/2015 06:50;Strada Urbana;VIA LAURENTINA;da specificare;;;;in prossimità di via del Serafico;Tamponamento;Rettilineo;Due carreggiate;Asciutto;Asfaltata;Verticale ed orizzontale;Sereno;Scarso;Buona;Ore Diurne;1;0;0;4;12.48038;41.82995;-1;1;Autovettura privata;In marcia / fermata / arresto;Conducente;M;Illeso;0;;Non accertato;Inesploso
2355159;11;29/04/2015 06:50;Strada Urbana;VIA LAURENTINA;da specificare;;;;in prossimità di via del Serafico;Tamponamento;Rettilineo;Due carreggiate;Asciutto;Asfaltata;Verticale ed orizzontale;Sereno;Scarso;Buona;Ore Diurne;1;0;0;4;12.48038;41.82995;-1;1;Autovettura privata;In marcia / fermata / arresto;Passeggero;F;Rimandato;0;NON DECEDUTO;Non accertato;Inesploso
2355159;11;29/04/2015 06:50;Strada Urbana;VIA LAURENTINA;da specificare;;;;in prossimità di via del Serafico;Tamponamento;Rettilineo;Due carreggiate;Asciutto;Asfaltata;Verticale ed orizzontale;Sereno;Scarso;Buona;Ore Diurne;1;0;0;4;12.48038;41.82995;-1;2;Autocarro inferiore 35 q.;In marcia / fermata / arresto;Conducente;M;Illeso;0;;Non accertato;Inesistente
2355159;11;29/04/2015 06:50;Strada Urbana;VIA LAURENTINA;da specificare;;;;in prossimità di via del Serafico;Tamponamento;Rettilineo;Due carreggiate;Asciutto;Asfaltata;Verticale ed orizzontale;Sereno;Scarso;Buona;Ore Diurne;1;0;0;4;12.48038;41.82995;-1;2;Autocarro inferiore 35 q.;In marcia / fermata / arresto;Passeggero;M;Illeso;0;;Non accertato;Inesistente
2355159;11;29/04/2015 06:50;Strada Urbana;VIA LAURENTINA;da specificare;;;;in prossimità di via del Serafico;Tamponamento;Rettilineo;Due carreggiate;Asciutto;Asfaltata;Verticale ed orizzontale;Sereno;Scarso;Buona;Ore Diurne;1;0;0;4;12.48038;41.82995;-1;2;Autocarro inferiore 35 q.;In marcia / fermata / arresto;Passeggero;M;Illeso;0;;Non accertato;Inesistente
2355161;8;28/04/2015 10:30;Strada Urbana;VIALE DUILIO CAMBELLOTTI;da specificare;;;;RAMPA USCITA CASILINA DIR. FUORI ROMA;Fuoriuscita dalla sede stradale;Rettilineo;Una carreggiata a senso unico di marcia;Bagnato (pioggia);Asfaltata;Verticale ed orizzontale;Nuvoloso;Normale;Buona;Ore Diurne;0;1;0;0;12.62961;41.86737;-1;1;Autovettura privata;In marcia / fermata / arresto;Conducente;M;Prognosi riservata;0;NON DECEDUTO;Non accertato;Esploso
2355164;8;28/04/2015 17:45;Strada Urbana;VIALE DELLA SORBONA;all'intersezione con;VIA DI TOR VERGATA;VIA DI TOR VERGATA;;;Tamponamento;Rotatoria;Una carreggiata a senso unico di marcia;Bagnato (pioggia);Asfaltata;Verticale ed orizzontale;Pioggia in atto;Normale;Buona;Ore Diurne;3;0;0;1;12.61206;41.85464;-1;1;Autovettura privata;In marcia / fermata / arresto;Conducente;F;Rifiuta cure immediate;0;NON DECEDUTO;Non accertato;Inesploso
2355164;8;28/04/2015 17:45;Strada Urbana;VIALE DELLA SORBONA;all'intersezione con;VIA DI TOR VERGATA;VIA DI TOR VERGATA;;;Tamponamento;Rotatoria;Una carreggiata a senso unico di marcia;Bagnato (pioggia);Asfaltata;Verticale ed orizzontale;Pioggia in atto;Normale;Buona;Ore Diurne;3;0;0;1;12.61206;41.85464;-1;1;Autovettura privata;In marcia / fermata / arresto;Passeggero;F;Rifiuta cure immediate;0;NON DECEDUTO;Non accertato;Inesploso
2355164;8;28/04/2015 17:45;Strada Urbana;VIALE DELLA SORBONA;all'intersezione con;VIA DI TOR VERGATA;VIA DI TOR VERGATA;;;Tamponamento;Rotatoria;Una carreggiata a senso unico di marcia;Bagnato (pioggia);Asfaltata;Verticale ed orizzontale;Pioggia in atto;Normale;Buona;Ore Diurne;3;0;0;1;12.61206;41.85464;-1;1;Autovettura privata;In marcia / fermata / arresto;Passeggero;F;Rifiuta cure immediate;0;NON DECEDUTO;Non accertato;Inesploso
2355164;8;28/04/2015 17:45;Strada Urbana;VIALE DELLA SORBONA;all'intersezione con;VIA DI TOR VERGATA;VIA DI TOR VERGATA;;;Tamponamento;Rotatoria;Una carreggiata a senso unico di marcia;Bagnato (pioggia);Asfaltata;Verticale ed orizzontale;Pioggia in atto;Normale;Buona;Ore Diurne;3;0;0;1;12.61206;41.85464;-1;2;Autovettura privata;In marcia / fermata / arresto;Conducente;M;Illeso;0;;Non accertato;Inesploso
2355168;8;28/04/2015 16:40;Strada Urbana;VIA CASILINA;da specificare;;;;altezza GRA;Tamponamento Multiplo;Curva a visuale libera;Una carreggiata a senso unico di marcia;Bagnato (pioggia);Asfaltata;Orizzontale;Pioggia in atto;Intenso;Buona;Ore Diurne;1;0;0;3;12.60933;41.86405;-1;1;Autovettura privata;In marcia / fermata / arresto;Conducente;M;Illeso;0;;Non accertato;Inesploso
2355168;8;28/04/2015 16:40;Strada Urbana;VIA CASILINA;da specificare;;;;altezza GRA;Tamponamento Multiplo;Curva a visuale libera;Una carreggiata a senso unico di marcia;Bagnato (pioggia);Asfaltata;Orizzontale;Pioggia in atto;Intenso;Buona;Ore Diurne;1;0;0;3;12.60933;41.86405;-1;2;Autovettura privata;In marcia / fermata / arresto;Conducente;M;Illeso;0;;Non accertato;Inesploso
2355168;8;28/04/2015 16:40;Strada Urbana;VIA CASILINA;da specificare;;;;altezza GRA;Tamponamento Multiplo;Curva a visuale libera;Una carreggiata a senso unico di marcia;Bagnato (pioggia);Asfaltata;Orizzontale;Pioggia in atto;Intenso;Buona;Ore Diurne;1;0;0;3;12.60933;41.86405;-1;3;Autovettura privata;In marcia / fermata / arresto;Conducente;M;Rifiuta cure immediate;0;NON DECEDUTO;Non accertato;Inesploso
2355168;8;28/04/2015 16:40;Strada Urbana;VIA CASILINA;da specificare;;;;altezza GRA;Tamponamento Multiplo;Curva a visuale libera;Una carreggiata a senso unico di marcia;Bagnato (pioggia);Asfaltata;Orizzontale;Pioggia in atto;Intenso;Buona;Ore Diurne;1;0;0;3;12.60933;41.86405;-1;3;Autovettura privata;In marcia / fermata / arresto;Passeggero;F;Illeso;0;;Non accertato;Inesploso
2355169;5;28/04/2015 19:00;Strada Urbana;VIA CASILINA;all'intersezione con;VIA DEL PONTE DI PANTANO;VIA DEL PONTE DI PANTANO;;;Scontro frontale/laterale DX fra veicoli in marcia;Incrocio;Una carreggiata a doppio senso;Bagnato (umidità in atto);Asfaltata;Verticale ed orizzontale;Pioggia in atto;Scarso;Sufficiente;Ore Diurne;0;0;0;3;12.70112;41.86529;-1;1;Autovettura privata;In marcia / fermata / arresto;Conducente;M;Illeso;0;;Non accertato;
2355169;5;28/04/2015 19:00;Strada Urbana;VIA CASILINA;all'intersezione con;VIA DEL PONTE DI PANTANO;VIA DEL PONTE DI PANTANO;;;Scontro frontale/laterale DX fra veicoli in marcia;Incrocio;Una carreggiata a doppio senso;Bagnato (umidità in atto);Asfaltata;Verticale ed orizzontale;Pioggia in atto;Scarso;Sufficiente;Ore Diurne;0;0;0;3;12.70112;41.86529;-1;2;Autovettura privata;In marcia / fermata / arresto;Conducente;M;Illeso;0;;Non accertato;
2355169;5;28/04/2015 19:00;Strada Urbana;VIA CASILINA;all'intersezione con;VIA DEL PONTE DI PANTANO;VIA DEL PONTE DI PANTANO;;;Scontro frontale/laterale DX fra veicoli in marcia;Incrocio;Una carreggiata a doppio senso;Bagnato (umidità in atto);Asfaltata;Verticale ed orizzontale;Pioggia in atto;Scarso;Sufficiente;Ore Diurne;0;0;0;3;12.70112;41.86529;-1;2;Autovettura privata;In marcia / fermata / arresto;Passeggero;F;Illeso;0;;Non accertato;
2355170;8;28/04/2015 11:16;Strada Urbana;VIA BITONTO;all'intersezione con;VIA CASTELLANA GROTTE;VIA CASTELLANA GROTTE;;;Scontro frontale/laterale SX fra veicoli in marcia;Incrocio;Una carreggiata a doppio senso;Bagnato (pioggia);Asfaltata;Assente;Pioggia in atto;Scarso;Sufficiente;Ore Diurne;0;0;0;3;12.61719;41.88697;-1;1;Autovettura di polizia;In marcia / fermata / arresto;Conducente;M;Illeso;0;;Non accertato;Inesploso
2355170;8;28/04/2015 11:16;Strada Urbana;VIA BITONTO;all'intersezione con;VIA CASTELLANA GROTTE;VIA CASTELLANA GROTTE;;;Scontro frontale/laterale SX fra veicoli in marcia;Incrocio;Una carreggiata a doppio senso;Bagnato (pioggia);Asfaltata;Assente;Pioggia in atto;Scarso;Sufficiente;Ore Diurne;0;0;0;3;12.61719;41.88697;-1;1;Autovettura di polizia;In marcia / fermata / arresto;Passeggero;M;Illeso;0;;Non accertato;Inesploso
2355170;8;28/04/2015 11:16;Strada Urbana;VIA BITONTO;all'intersezione con;VIA CASTELLANA GROTTE;VIA CASTELLANA GROTTE;;;Scontro frontale/laterale SX fra veicoli in marcia;Incrocio;Una carreggiata a doppio senso;Bagnato (pioggia);Asfaltata;Assente;Pioggia in atto;Scarso;Sufficiente;Ore Diurne;0;0;0;3;12.61719;41.88697;-1;2;Motociclo a solo;In marcia / fermata / arresto;Conducente;M;Illeso;0;;Non accertato;
2355175;8;28/04/2015 06:40;Strada Urbana;VIALE DUILIO CAMBELLOTTI;da specificare;;;;altezza PALO ACEA 84;Scontro laterale fra veicoli in marcia;Rettilineo;Due carreggiate;Bagnato (pioggia);Asfaltata;Verticale ed orizzontale;Nuvoloso;Normale;Buona;Ore Diurne;1;0;0;2;12.62961;41.86737;-1;1;Autocarro inferiore 35 q.;In marcia / fermata / arresto;Conducente;M;Rifiuta cure immediate;0;NON DECEDUTO;Non accertato;Inesploso
2355175;8;28/04/2015 06:40;Strada Urbana;VIALE DUILIO CAMBELLOTTI;da specificare;;;;altezza PALO ACEA 84;Scontro laterale fra veicoli in marcia;Rettilineo;Due carreggiate;Bagnato (pioggia);Asfaltata;Verticale ed orizzontale;Nuvoloso;Normale;Buona;Ore Diurne;1;0;0;2;12.62961;41.86737;-1;2;Autovettura privata;In marcia / fermata / arresto;Conducente;M;Illeso;0;;Non accertato;Inesploso
2355175;8;28/04/2015 06:40;Strada Urbana;VIALE DUILIO CAMBELLOTTI;da specificare;;;;altezza PALO ACEA 84;Scontro laterale fra veicoli in marcia;Rettilineo;Due carreggiate;Bagnato (pioggia);Asfaltata;Verticale ed orizzontale;Nuvoloso;Normale;Buona;Ore Diurne;1;0;0;2;12.62961;41.86737;-1;3;Autovettura privata;In marcia / fermata / arresto;Conducente;M;Illeso;0;;Non accertato;Inesploso
2355178;16;27/04/2015 09:30;Strada Urbana;VIA VIRGINIA AGNELLI;in corrispondenza;;del civico n.;44;;Tamponamento;Rettilineo;Due carreggiate;Asciutto;Asfaltata;Assente;Sereno;Normale;Buona;Ore Diurne;0;0;0;2;12.44621;41.86248;-1;1;Autovettura privata;In marcia / fermata / arresto;Conducente;M;Illeso;0;;Non accertato;Inesploso
2355178;16;27/04/2015 09:30;Strada Urbana;VIA VIRGINIA AGNELLI;in corrispondenza;;del civico n.;44;;Tamponamento;Rettilineo;Due carreggiate;Asciutto;Asfaltata;Assente;Sereno;Normale;Buona;Ore Diurne;0;0;0;2;12.44621;41.86248;-1;2;Autocarro inferiore 35 q.;In marcia / fermata / arresto;Conducente;M;Illeso;0;;Non accertato;Inesploso
2355179;8;28/04/2015 12:00;Strada Urbana;VIALE DELLA SORBONA;in prossimità;;del palo luce n.;30;;Veicolo in marcia contro veicolo in sosta;Curva senza visuale libera;Due carreggiate;Bagnato (pioggia);Asfaltata;Verticale ed orizzontale;Pioggia in atto;Normale;Sufficiente;Ore Diurne;0;0;0;1;12.61206;41.85464;-1;1;Autovettura privata;In marcia / fermata / arresto;Conducente;F;Illeso;0;;Non accertato;Inesploso
2355185;8;28/04/2015 19:40;Strada Urbana;VIALE GUIDO CARLI;all'intersezione con;VIALE GUIDO CARLI;VIALE GUIDO CARLI;;;Fuoriuscita dalla sede stradale;Rotatoria;Una carreggiata a senso unico di marcia;Bagnato (pioggia);Asfaltata;Verticale ed orizzontale;Nuvoloso;Normale;Buona;Insufficiente;0;0;0;3;12.64704;41.84318;-1;1;Autovettura privata;In marcia / fermata / arresto;Conducente;M;Illeso;0;;Non accertato;Inesploso
2355185;8;28/04/2015 19:40;Strada Urbana;VIALE GUIDO CARLI;all'intersezione con;VIALE GUIDO CARLI;VIALE GUIDO CARLI;;;Fuoriuscita dalla sede stradale;Rotatoria;Una carreggiata a senso unico di marcia;Bagnato (pioggia);Asfaltata;Verticale ed orizzontale;Nuvoloso;Normale;Buona;Insufficiente;0;0;0;3;12.64704;41.84318;-1;1;Autovettura privata;In marcia / fermata / arresto;Passeggero;M;Illeso;0;;Non accertato;Inesploso