Protocollo;Gruppo;DataOraIncidente;Localizzazione1;STRADA1;Localizzazione2;STRADA2;Strada02;Chilometrica;DaSpecificare;NaturaIncidente;particolaritastrade;TipoStrada;FondoStradale;Pavimentazione;Segnaletica;CondizioneAtmosferica;Traffico;Visibilita;Illuminazione;NUM_FERITI;NUM_RISERVATA;NUM_MORTI;NUM_ILLESI;Longitudine;Latitudine;Confermato;Progressivo;TipoVeicolo;StatoVeicolo;TipoPersona;Sesso;Tipolesione;Deceduto;DecedutoDopo;CinturaCascoUtilizzato;Airbag
2359454;18;30/04/2015 18:00;Strada Urbana;VIA DEL FOSSO GALERIA;all'intersezione con;VIA PONZONE;VIA PONZONE;;;Scontro frontale/laterale DX fra veicoli in marcia;Intersezione non regolata/non segnalata;Due carreggiate;Asciutto;Asfaltata;Orizzontale;Sereno;Scarso;Buona;Ore Diurne;0;0;0;4;12.3529;41.91616;-1;1;Autovettura privata;In marcia / fermata / arresto;Conducente;M;Illeso;0;;Non accertato;
2359454;18;30/04/2015 18:00;Strada Urbana;VIA DEL FOSSO GALERIA;all'intersezione con;VIA PONZONE;VIA PONZONE;;;Scontro frontale/laterale DX fra veicoli in marcia;Intersezione non regolata/non segnalata;Due carreggiate;Asciutto;Asfaltata;Orizzontale;Sereno;Scarso;Buona;Ore Diurne;0;0;0;4;12.3529;41.91616;-1;1;Autovettura privata;In marcia / fermata / arresto;Passeggero;M;Illeso;0;;Non accertato;
2359454;18;30/04/2015 18:00;Strada Urbana;VIA DEL FOSSO GALERIA;all'intersezione con;VIA PONZONE;VIA PONZONE;;;Scontro frontale/laterale DX fra veicoli in marcia;Intersezione non regolata/non segnalata;Due carreggiate;Asciutto;Asfaltata;Orizzontale;Sereno;Scarso;Buona;Ore Diurne;0;0;0;4;12.3529;41.91616;-1;2;Autovettura privata;In marcia / fermata / arresto;Conducente;M;Illeso;0;;Utilizzato;Inesploso
2359454;18;30/04/2015 18:00;Strada Urbana;VIA DEL FOSSO GALERIA;all'intersezione con;VIA PONZONE;VIA PONZONE;;;Scontro frontale/laterale DX fra veicoli in marcia;Intersezione non regolata/non segnalata;Due carreggiate;Asciutto;Asfaltata;Orizzontale;Sereno;Scarso;Buona;Ore Diurne;0;0;0;4;12.3529;41.91616;-1;2;Autovettura privata;In marcia / fermata / arresto;Passeggero;M;Illeso;0;;;Inesploso
2359467;18;22/04/2015 01:50;Strada Urbana;VIA GREGORIO VII;in prossimità;;del civico n.;364;;Veicolo in marcia contro veicoli in sosta;Curva senza visuale libera;Più di due carreggiate;Asciutto;Asfaltata;Assente;Sereno;Scarso;Buona;Sufficiente;0;0;0;1;12.4362;41.8938;-1;1;Autovettura privata;In marcia / fermata / arresto;Conducente;F;Illeso;0;;Non accertato;Inesploso
2359487;18;22/04/2015 10:00;Strada Urbana;VIA GREGORIO VII;da specificare;;;;in prossimità di via San Damaso;Scontro laterale fra veicoli in marcia;Rettilineo;Più di due carreggiate;Asciutto;Asfaltata;Verticale ed orizzontale;Sereno;Normale;Buona;Ore Diurne;0;0;0;2;12.44042;41.89603;-1;1;Autovettura privata;In marcia / fermata / arresto;Conducente;M;Illeso;0;;Non accertato;Inesploso
2359487;18;22/04/2015 10:00;Strada Urbana;VIA GREGORIO VII;da specificare;;;;in prossimità di via San Damaso;Scontro laterale fra veicoli in marcia;Rettilineo;Più di due carreggiate;Asciutto;Asfaltata;Verticale ed orizzontale;Sereno;Normale;Buona;Ore Diurne;0;0;0;2;12.44042;41.89603;-1;2;Autobus turistico;In marcia / fermata / arresto;Conducente;M;Illeso;0;;;
2359513;4;30/04/2015 08:00;Strada Urbana;VIA MONTE GIBERTO;da specificare;;;;prossimità cavalcavia Viadotto Pertini;Scontro laterale fra veicoli in marcia;Rettilineo;Una carreggiata a doppio senso;Bagnato (umidità in atto);Asfaltata;Verticale ed orizzontale;Nuvoloso;Normale;Buona;Ore Diurne;0;0;0;4;12.51525;41.97816;-1;1;Autovettura privata;In marcia / fermata / arresto;Conducente;M;Illeso;0;;Non accertato;Inesploso
2359513;4;30/04/2015 08:00;Strada Urbana;VIA MONTE GIBERTO;da specificare;;;;prossimità cavalcavia Viadotto Pertini;Scontro laterale fra veicoli in marcia;Rettilineo;Una carreggiata a doppio senso;Bagnato (umidità in atto);Asfaltata;Verticale ed orizzontale;Nuvoloso;Normale;Buona;Ore Diurne;0;0;0;4;12.51525;41.97816;-1;1;Autovettura privata;In marcia / fermata / arresto;Passeggero;F;Illeso;0;;Non accertato;Inesploso
2359513;4;30/04/2015 08:00;Strada Urbana;VIA MONTE GIBERTO;da specificare;;;;prossimità cavalcavia Viadotto Pertini;Scontro laterale fra veicoli in marcia;Rettilineo;Una carreggiata a doppio senso;Bagnato (umidità in atto);Asfaltata;Verticale ed orizzontale;Nuvoloso;Normale;Buona;Ore Diurne;0;0;0;4;12.51525;41.97816;-1;1;Autovettura privata;In marcia / fermata / arresto;Passeggero;M;Illeso;0;;Non accertato;Inesploso
2359513;4;30/04/2015 08:00;Strada Urbana;VIA MONTE GIBERTO;da specificare;;;;prossimità cavalcavia Viadotto Pertini;Scontro laterale fra veicoli in marcia;Rettilineo;Una carreggiata a doppio senso;Bagnato (umidità in atto);Asfaltata;Verticale ed orizzontale;Nuvoloso;Normale;Buona;Ore Diurne;0;0;0;4;12.51525;41.97816;-1;2;Autovettura privata;In marcia / fermata / arresto;Conducente;M;Illeso;0;;Non accertato;Inesploso
2359523;1;28/04/2015 09:45;Strada Urbana;VIA LEONIDA BISSOLATI;all'intersezione con;VIA DI S. NICOLA DA TOLENTINO;VIA DI S. NICOLA DA TOLENTINO;;;Scontro laterale fra veicoli in marcia;Incrocio;Una carreggiata a doppio senso;Bagnato (pioggia);Acciotolata;Assente;Pioggia in atto;Normale;Buona;Ore Diurne;0;0;0;2;12.49222;41.90538;-1;1;Autovettura pubblica;In marcia / fermata / arresto;Conducente;M;Illeso;0;;Non accertato;Inesploso
2359523;1;28/04/2015 09:45;Strada Urbana;VIA LEONIDA BISSOLATI;all'intersezione con;VIA DI S. NICOLA DA TOLENTINO;VIA DI S. NICOLA DA TOLENTINO;;;Scontro laterale fra veicoli in marcia;Incrocio;Una carreggiata a doppio senso;Bagnato (pioggia);Acciotolata;Assente;Pioggia in atto;Normale;Buona;Ore Diurne;0;0;0;2;12.49222;41.90538;-1;2;Autovettura privata;In marcia / fermata / arresto;Conducente;M;Illeso;0;;Non accertato;Inesploso
2359531;4;30/04/2015 09:15;Strada Urbana;VIA NOMENTANA;da specificare;;;;altezza tangenziale EST - FORO ITALICO;Tamponamento;Rettilineo;Due carreggiate;Asciutto;Asfaltata;Verticale ed orizzontale;Sereno;Normale;Buona;Ore Diurne;0;0;0;2;12.52677;41.93055;-1;1;Motociclo a solo;In marcia / fermata / arresto;Conducente;F;Illeso;0;;Non accertato;
2359531;4;30/04/2015 09:15;Strada Urbana;VIA NOMENTANA;da specificare;;;;altezza tangenziale EST - FORO ITALICO;Tamponamento;Rettilineo;Due carreggiate;Asciutto;Asfaltata;Verticale ed orizzontale;Sereno;Normale;Buona;Ore Diurne;0;0;0;2;12.52677;41.93055;-1;2;Autovettura privata;In marcia / fermata / arresto;Conducente;M;Illeso;0;;Non accertato;Inesploso
2359538;5;30/04/2015 08:00;Strada Urbana;VIA GIOVANNI PALOMBINI;all'intersezione con;VIA DI CASAL DEI PAZZI;VIA DI CASAL DEI PAZZI;;;Scontro laterale fra veicoli in marcia;Incrocio;Una carreggiata a doppio senso;Bagnato (pioggia);Asfaltata;Verticale ed orizzontale;Nuvoloso;Intenso;Buona;Ore Diurne;0;0;0;2;12.56842;41.92848;-1;1;Autovettura privata;In marcia / fermata / arresto;Conducente;M;Illeso;0;;Non accertato;Inesistente
2359538;5;30/04/2015 08:00;Strada Urbana;VIA GIOVANNI PALOMBINI;all'intersezione con;VIA DI CASAL DEI PAZZI;VIA DI CASAL DEI PAZZI;;;Scontro laterale fra veicoli in marcia;Incrocio;Una carreggiata a doppio senso;Bagnato (pioggia);Asfaltata;Verticale ed orizzontale;Nuvoloso;Intenso;Buona;Ore Diurne;0;0;0;2;12.56842;41.92848;-1;2;Autobus di linea;In marcia / fermata / arresto;Conducente;M;Illeso;0;;Non accertato;Inesistente
2359544;5;30/04/2015 09:50;Strada Urbana;VIALE DEL TECNOPOLO;all'intersezione semaforizzata con;VIA DELLE CASE ROSSE;VIA DELLE CASE ROSSE;;;Scontro frontale fra veicoli in marcia;Incrocio;Due carreggiate;Asciutto;Asfaltata;Verticale ed orizzontale;Nuvoloso;Normale;Buona;Ore Diurne;0;0;0;5;12.63671;41.92753;-1;1;Autovettura privata;In marcia / fermata / arresto;Conducente;M;Illeso;0;;Non accertato;Inesploso
2359544;5;30/04/2015 09:50;Strada Urbana;VIALE DEL TECNOPOLO;all'intersezione semaforizzata con;VIA DELLE CASE ROSSE;VIA DELLE CASE ROSSE;;;Scontro frontale fra veicoli in marcia;Incrocio;Due carreggiate;Asciutto;Asfaltata;Verticale ed orizzontale;Nuvoloso;Normale;Buona;Ore Diurne;0;0;0;5;12.63671;41.92753;-1;1;Autovettura privata;In marcia / fermata / arresto;Passeggero;M;Illeso;0;;Non accertato;Inesploso
2359544;5;30/04/2015 09:50;Strada Urbana;VIALE DEL TECNOPOLO;all'intersezione semaforizzata con;VIA DELLE CASE ROSSE;VIA DELLE CASE ROSSE;;;Scontro frontale fra veicoli in marcia;Incrocio;Due carreggiate;Asciutto;Asfaltata;Verticale ed orizzontale;Nuvoloso;Normale;Buona;Ore Diurne;0;0;0;5;12.63671;41.92753;-1;1;Autovettura privata;In marcia / fermata / arresto;Passeggero;M;Illeso;0;;Non accertato;Inesploso
2359544;5;30/04/2015 09:50;Strada Urbana;VIALE DEL TECNOPOLO;all'intersezione semaforizzata con;VIA DELLE CASE ROSSE;VIA DELLE CASE ROSSE;;;Scontro frontale fra veicoli in marcia;Incrocio;Due carreggiate;Asciutto;Asfaltata;Verticale ed orizzontale;Nuvoloso;Normale;Buona;Ore Diurne;0;0;0;5;12.63671;41.92753;-1;1;Autovettura privata;In marcia / fermata / arresto;Passeggero;M;Illeso;0;;Non accertato;Inesploso
2359544;5;30/04/2015 09:50;Strada Urbana;VIALE DEL TECNOPOLO;all'intersezione semaforizzata con;VIA DELLE CASE ROSSE;VIA DELLE CASE ROSSE;;;Scontro frontale fra veicoli in marcia;Incrocio;Due carreggiate;Asciutto;Asfaltata;Verticale ed orizzontale;Nuvoloso;Normale;Buona;Ore Diurne;0;0;0;5;12.63671;41.92753;-1;2;Autocarro inferiore 35 q.;In marcia / fermata / arresto;Conducente;M;Illeso;0;;Non accertato;Inesploso
2359548;4;30/04/2015 10:50;Strada Urbana;VIA DI S. ALESSANDRO;in corrispondenza;;del civico n.;287;;Veicolo in marcia contro veicolo arresto;Rettilineo;Una carreggiata a doppio senso;Asciutto;Asfaltata;Assente;Sereno;Normale;Buona;Ore Diurne;0;0;0;2;12.58408;41.95848;-1;1;Autovettura privata;In marcia / fermata / arresto;Conducente;M;Illeso;0;;Non accertato;Inesploso
2359548;4;30/04/2015 10:50;Strada Urbana;VIA DI S. ALESSANDRO;in corrispondenza;;del civico n.;287;;Veicolo in marcia contro veicolo arresto;Rettilineo;Una carreggiata a doppio senso;Asciutto;Asfaltata;Assente;Sereno;Normale;Buona;Ore Diurne;0;0;0;2;12.58408;41.95848;-1;2;Autovettura privata;In marcia / fermata / arresto;Conducente;M;Illeso;0;;Non accertato;Inesploso
2359552;1;24/04/2015 18:20;Strada Urbana;CORSO DEL RINASCIMENTO;all'intersezione con;VIA DI S. GIOVANNA D'ARCO;VIA DI S. GIOVANNA D'ARCO;;;Veicolo in marcia contro veicolo in sosta;Incrocio;Una carreggiata a doppio senso;Asciutto;Acciotolata;Verticale ed orizzontale;Sereno;Scarso;Buona;Ore Diurne;0;0;0;1;12.47396;41.89846;-1;1;Altro;In marcia / fermata / arresto;Conducente;M;Illeso;0;;Non accertato;
2359563;12;30/04/2015 17:55;Strada Urbana;VIALE DI VAL FIORITA;all'intersezione con;VIA DELLE TRE FONTANE;VIA DELLE TRE FONTANE;;;Scontro laterale fra veicoli in marcia;Intersezione non regolata/non segnalata;Una carreggiata a doppio senso;Asciutto;Asfaltata;Verticale ed orizzontale;Sereno;Intenso;Buona;Ore Diurne;1;0;0;1;12.46756;41.84094;-1;1;Motociclo a solo;In marcia / fermata / arresto;Conducente;M;Rimandato;0;NON DECEDUTO;Utilizzato;
2359563;12;30/04/2015 17:55;Strada Urbana;VIALE DI VAL FIORITA;all'intersezione con;VIA DELLE TRE FONTANE;VIA DELLE TRE FONTANE;;;Scontro laterale fra veicoli in marcia;Intersezione non regolata/non segnalata;Una carreggiata a doppio senso;Asciutto;Asfaltata;Verticale ed orizzontale;Sereno;Intenso;Buona;Ore Diurne;1;0;0;1;12.46756;41.84094;-1;2;Autovettura privata;In marcia / fermata / arresto;Conducente;M;Illeso;0;;Utilizzato;Inesploso
2359606;3;30/04/2015 15:45;Strada Urbana;VIA DEI FRENTANI;all'intersezione con;VIA DEI TAURINI;VIA DEI TAURINI;;;Tamponamento;Incrocio;Una carreggiata a senso unico di marcia;Asciutto;Asfaltata;Verticale ed orizzontale;Sereno;Normale;Buona;Ore Diurne;1;0;0;1;12.50998;41.90082;-1;1;Motociclo con passeggero;In marcia / fermata / arresto;Conducente;M;Illeso;0;;Non accertato;
2359606;3;30/04/2015 15:45;Strada Urbana;VIA DEI FRENTANI;all'intersezione con;VIA DEI TAURINI;VIA DEI TAURINI;;;Tamponamento;Incrocio;Una carreggiata a senso unico di marcia;Asciutto;Asfaltata;Verticale ed orizzontale;Sereno;Normale;Buona;Ore Diurne;1;0;0;1;12.50998;41.90082;-1;1;Motociclo con passeggero;In marcia / fermata / arresto;Passeggero;M;Rifiuta cure immediate;0;NON DECEDUTO;Non accertato;
2359617;4;30/04/2015 12:00;Strada Urbana;VIA DEI PRATI FISCALI;da specificare;;;;circa 100 mt prima di Via di Villa Spada;Tamponamento;Rettilineo;Due carreggiate;Asciutto;Asfaltata;Orizzontale;Sereno;Normale;Buona;Ore Diurne;1;0;0;1;12.51267;41.94381;-1;1;Autovettura privata;In marcia / fermata / arresto;Conducente;M;Illeso;0;;Non accertato;Inesploso
2359617;4;30/04/2015 12:00;Strada Urbana;VIA DEI PRATI FISCALI;da specificare;;;;circa 100 mt prima di Via di Villa Spada;Tamponamento;Rettilineo;Due carreggiate;Asciutto;Asfaltata;Orizzontale;Sereno;Normale;Buona;Ore Diurne;1;0;0;1;12.51267;41.94381;-1;2;Autovettura privata;In marcia / fermata / arresto;Conducente;F;Rimandato;0;NON DECEDUTO;Non accertato;Inesploso
2359637;1;30/04/2015 15:30;Strada Urbana;PIAZZA DI S. CROCE IN GERUSALEMME;in prossimità;;del civico n.;7;;Scontro laterale fra veicoli in marcia;Curva a visuale libera;Una carreggiata a doppio senso;Asciutto;Asfaltata;Verticale ed orizzontale;Sereno;Normale;Buona;Ore Diurne;0;0;0;3;12.51489;41.8888;-1;1;Autovettura privata;In marcia / fermata / arresto;Conducente;M;Illeso;0;;;
2359637;1;30/04/2015 15:30;Strada Urbana;PIAZZA DI S. CROCE IN GERUSALEMME;in prossimità;;del civico n.;7;;Scontro laterale fra veicoli in marcia;Curva a visuale libera;Una carreggiata a doppio senso;Asciutto;Asfaltata;Verticale ed orizzontale;Sereno;Normale;Buona;Ore Diurne;0;0;0;3;12.51489;41.8888;-1;1;Autovettura privata;In marcia / fermata / arresto;Passeggero;F;Illeso;0;;;
2359637;1;30/04/2015 15:30;Strada Urbana;PIAZZA DI S. CROCE IN GERUSALEMME;in prossimità;;del civico n.;7;;Scontro laterale fra veicoli in marcia;Curva a visuale libera;Una carreggiata a doppio senso;Asciutto;Asfaltata;Verticale ed orizzontale;Sereno;Normale;Buona;Ore Diurne;0;0;0;3;12.51489;41.8888;-1;2;Autovettura privata;In marcia / fermata / arresto;Conducente;M;Illeso;0;;;
2359649;3;30/04/2015 21:40;Strada Urbana;VIALE DEL FORO ITALICO;da specificare;;;;ALTEZZA USCITA TOR DI QUINTO;Scontro frontale/laterale SX fra veicoli in marcia;Rettilineo;Una carreggiata a senso unico di marcia;Asciutto;Asfaltata;Verticale ed orizzontale;Sereno;Normale;Buona;Sufficiente;1;0;0;1;12.45827;41.93212;-1;1;Autovettura privata;In marcia / fermata / arresto;Conducente;F;Illeso;0;;Non accertato;Inesploso
2359649;3;30/04/2015 21:40;Strada Urbana;VIALE DEL FORO ITALICO;da specificare;;;;ALTEZZA USCITA TOR DI QUINTO;Scontro frontale/laterale SX fra veicoli in marcia;Rettilineo;Una carreggiata a senso unico di marcia;Asciutto;Asfaltata;Verticale ed orizzontale;Sereno;Normale;Buona;Sufficiente;1;0;0;1;12.45827;41.93212;-1;2;Velocipede;In marcia / fermata / arresto;Conducente;M;Rimandato;0;NON DECEDUTO;Esente;
2359650;18;22/04/2015 13:00;Strada Urbana;VIA AURELIA;in prossimità;;del civico n.;549;;Tamponamento;Rettilineo;Una carreggiata a doppio senso;Asciutto;Asfaltata;Verticale;Sereno;Normale;Buona;Ore Diurne;0;0;0;2;12.42035;41.89663;-1;1;Autovettura privata;In marcia / fermata / arresto;Conducente;M;Illeso;0;;Non accertato;
2359650;18;22/04/2015 13:00;Strada Urbana;VIA AURELIA;in prossimità;;del civico n.;549;;Tamponamento;Rettilineo;Una carreggiata a doppio senso;Asciutto;Asfaltata;Verticale;Sereno;Normale;Buona;Ore Diurne;0;0;0;2;12.42035;41.89663;-1;2;Autovettura privata;In marcia / fermata / arresto;Conducente;F;Illeso;0;;;
2359660;4;30/04/2015 14:30;Strada Urbana;VIA CAMERATA PICENA;all'intersezione con;VIA SERRA DE' CONTI;VIA SERRA DE' CONTI;;;Tamponamento;Intersezione non regolata/non segnalata;Una carreggiata a doppio senso;Asciutto;Asfaltata;Verticale ed orizzontale;Sereno;Normale;Buona;Ore Diurne;2;0;0;1;12.51317;41.98628;-1;1;Autovettura privata;In marcia / fermata / arresto;Conducente;M;Illeso;0;;Non accertato;Inesploso
2359660;4;30/04/2015 14:30;Strada Urbana;VIA CAMERATA PICENA;all'intersezione con;VIA SERRA DE' CONTI;VIA SERRA DE' CONTI;;;Tamponamento;Intersezione non regolata/non segnalata;Una carreggiata a doppio senso;Asciutto;Asfaltata;Verticale ed orizzontale;Sereno;Normale;Buona;Ore Diurne;2;0;0;1;12.51317;41.98628;-1;2;Autovettura privata;In marcia / fermata / arresto;Conducente;F;Rifiuta cure immediate;0;NON DECEDUTO;Non accertato;Inesploso
2359660;4;30/04/2015 14:30;Strada Urbana;VIA CAMERATA PICENA;all'intersezione con;VIA SERRA DE' CONTI;VIA SERRA DE' CONTI;;;Tamponamento;Intersezione non regolata/non segnalata;Una carreggiata a doppio senso;Asciutto;Asfaltata;Verticale ed orizzontale;Sereno;Normale;Buona;Ore Diurne;2;0;0;1;12.51317;41.98628;-1;2;Autovettura privata;In marcia / fermata / arresto;Passeggero;M;Rimandato;0;NON DECEDUTO;Non accertato;Inesploso
2359696;1;30/04/2015 18:00;Strada Urbana;PIAZZA DI S. GIOVANNI IN LATERANO;in prossimità;;del civico n.;4;;Scontro frontale/laterale DX fra veicoli in marcia;Curva a visuale libera;Una carreggiata a doppio senso;Asciutto;Asfaltata;Verticale ed orizzontale;Sereno;Intenso;Buona;Ore Diurne;0;0;0;4;12.50482;41.88696;-1;1;Autovettura privata;In marcia / fermata / arresto;Conducente;M;Illeso;0;;Non accertato;Inesploso
2359696;1;30/04/2015 18:00;Strada Urbana;PIAZZA DI S. GIOVANNI IN LATERANO;in prossimità;;del civico n.;4;;Scontro frontale/laterale DX fra veicoli in marcia;Curva a visuale libera;Una carreggiata a doppio senso;Asciutto;Asfaltata;Verticale ed orizzontale;Sereno;Intenso;Buona;Ore Diurne;0;0;0;4;12.50482;41.88696;-1;1;Autovettura privata;In marcia / fermata / arresto;Passeggero;F;Illeso;0;;Non accertato;Inesploso
2359696;1;30/04/2015 18:00;Strada Urbana;PIAZZA DI S. GIOVANNI IN LATERANO;in prossimità;;del civico n.;4;;Scontro frontale/laterale DX fra veicoli in marcia;Curva a visuale libera;Una carreggiata a doppio senso;Asciutto;Asfaltata;Verticale ed orizzontale;Sereno;Intenso;Buona;Ore Diurne;0;0;0;4;12.50482;41.88696;-1;2;Autovettura privata;In marcia / fermata / arresto;Conducente;F;Illeso;0;;Non accertato;Inesploso
2359696;1;30/04/2015 18:00;Strada Urbana;PIAZZA DI S. GIOVANNI IN LATERANO;in prossimità;;del civico n.;4;;Scontro frontale/laterale DX fra veicoli in marcia;Curva a visuale libera;Una carreggiata a doppio senso;Asciutto;Asfaltata;Verticale ed orizzontale;Sereno;Intenso;Buona;Ore Diurne;0;0;0;4;12.50482;41.88696;-1;2;Autovettura privata;In marcia / fermata / arresto;Passeggero;F;Illeso;0;;Utilizzato;Inesploso
2359726;1;30/04/2015 08:30;Strada Urbana;VIALE DELLO SCALO S. LORENZO;all'intersezione con;PIAZZA DI PORTA MAGGIORE;PIAZZA DI PORTA MAGGIORE;;;Scontro laterale fra veicoli in marcia;Incrocio;Una carreggiata a senso unico di marcia;Asciutto;Asfaltata;Verticale ed orizzontale;Nuvoloso;Intenso;Buona;Ore Diurne;1;0;0;1;12.51794;41.89553;-1;1;Autovettura privata;In marcia / fermata / arresto;Conducente;M;Illeso;0;;Non accertato;
2359726;1;30/04/2015 08:30;Strada Urbana;VIALE DELLO SCALO S. LORENZO;all'intersezione con;PIAZZA DI PORTA MAGGIORE;PIAZZA DI PORTA MAGGIORE;;;Scontro laterale fra veicoli in marcia;Incrocio;Una carreggiata a senso unico di marcia;Asciutto;Asfaltata;Verticale ed orizzontale;Nuvoloso;Intenso;Buona;Ore Diurne;1;0;0;1;12.51794;41.89553;-1;2;Motociclo a solo;In marcia / fermata / arresto;Conducente;F;Rimandato;0;NON DECEDUTO;Non accertato;
2359756;18;28/04/2015 20:30;Strada Urbana;VIA MATTIA BATTISTINI;all'intersezione con;VIA DEL FORTE BRASCHI;VIA DEL FORTE BRASCHI;;;Veicolo in marcia contro ostacolo fisso;Intersezione semaforizzata;Una carreggiata a doppio senso;Bagnato (pioggia);Asfaltata;Verticale ed orizzontale;Nuvoloso;Normale;Buona;Sufficiente;1;0;0;0;12.41849;41.91272;-1;1;Autovettura privata;In marcia / fermata / arresto;Conducente;M;Rimandato;0;NON DECEDUTO;;
2359795;4;30/04/2015 16:50;Strada Urbana;VIA NOMENTANA;all'intersezione con;VIA JACOPO SANNAZZARO;VIA JACOPO SANNAZZARO;;;Scontro frontale/laterale SX fra veicoli in marcia;Intersezione non regolata/non segnalata;Una carreggiata a doppio senso;Asciutto;Asfaltata;Verticale ed orizzontale;Sereno;Normale;Buona;Ore Diurne;1;0;0;1;12.54114;41.93783;-1;1;Autovettura privata;In marcia / fermata / arresto;Conducente;F;Illeso;0;;Non accertato;Inesploso
2359795;4;30/04/2015 16:50;Strada Urbana;VIA NOMENTANA;all'intersezione con;VIA JACOPO SANNAZZARO;VIA JACOPO SANNAZZARO;;;Scontro frontale/laterale SX fra veicoli in marcia;Intersezione non regolata/non segnalata;Una carreggiata a doppio senso;Asciutto;Asfaltata;Verticale ed orizzontale;Sereno;Normale;Buona;Ore Diurne;1;0;0;1;12.54114;41.93783;-1;2;Motociclo a solo;In marcia / fermata / arresto;Conducente;M;Rifiuta cure immediate;0;NON DECEDUTO;Non accertato;
2359996;16;30/04/2015 14:30;Strada Urbana;VIA ADOLFO GANDIGLIO;in corrispondenza;;del civico n.;87;;Veicolo in marcia contro veicolo in sosta;Rettilineo;Una carreggiata a doppio senso;Asciutto;Asfaltata;Assente;Sereno;Normale;Buona;Ore Diurne;1;0;0;0;12.44131;41.8639;-1;2;Motociclo a solo;In marcia / fermata / arresto;Conducente;F;Rimandato;0;NON DECEDUTO;Non accertato;
2360089;12;30/04/2015 13:30;Strada Urbana;VIALE DELL'UMANESIMO;da specificare;;;;direz. P.ZZA VITA FINZI pross. P.LE DELL'UMANESIMO;Scontro frontale/laterale SX fra veicoli in marcia;Rettilineo;Una carreggiata a doppio senso;Asciutto;Asfaltata;Verticale ed orizzontale;Sereno;Normale;Buona;Ore Diurne;2;0;0;0;12.47036;41.82302;-1;1;Autovettura privata;In marcia / fermata / arresto;Conducente;F;Rimandato;0;NON DECEDUTO;Utilizzato;Inesploso
2360089;12;30/04/2015 13:30;Strada Urbana;VIALE DELL'UMANESIMO;da specificare;;;;direz. P.ZZA VITA FINZI pross. P.LE DELL'UMANESIMO;Scontro frontale/laterale SX fra veicoli in marcia;Rettilineo;Una carreggiata a doppio senso;Asciutto;Asfaltata;Verticale ed orizzontale;Sereno;Normale;Buona;Ore Diurne;2;0;0;0;12.47036;41.82302;-1;2;Motociclo a solo;In marcia / fermata / arresto;Conducente;M;Rimandato;0;NON DECEDUTO;Utilizzato;
2360112;12;30/04/2015 17:30;Strada Urbana;VIALE PASTEUR;all'intersezione con;VIALE DELL'ASTRONOMIA;VIALE DELL'ASTRONOMIA;;;Tamponamento;Incrocio;Una carreggiata a doppio senso;Asciutto;Asfaltata;Verticale ed orizzontale;Sereno;Intenso;Buona;Ore Diurne;0;0;0;2;12.46381;41.8338;-1;1;Autovettura privata;In marcia / fermata / arresto;Conducente;M;Illeso;0;;Non accertato;Inesistente
2360112;12;30/04/2015 17:30;Strada Urbana;VIALE PASTEUR;all'intersezione con;VIALE DELL'ASTRONOMIA;VIALE DELL'ASTRONOMIA;;;Tamponamento;Incrocio;Una carreggiata a doppio senso;Asciutto;Asfaltata;Verticale ed orizzontale;Sereno;Intenso;Buona;Ore Diurne;0;0;0;2;12.46381;41.8338;-1;2;Autovettura privata;In marcia / fermata / arresto;Conducente;M;Illeso;0;;Non accertato;Inesistente
2360186;16;30/04/2015 13:00;Strada Urbana;VIA PORTUENSE;in corrispondenza;;del civico n.;91/A;;Veicolo in marcia contro veicolo in sosta;Rettilineo;Una carreggiata a doppio senso;Asciutto;Asfaltata;Verticale;Sereno;Normale;Buona;Ore Diurne;0;0;0;1;12.46589;41.87152;-1;1;Autocarro inferiore 35 q.;In marcia / fermata / arresto;Conducente;M;Illeso;0;;Non accertato;
2360197;16;30/04/2015 13:30;Strada Urbana;PIAZZA S. GIOVANNI DI DIO;in corrispondenza;;del civico n.;24;;Scontro frontale/laterale DX fra veicoli in marcia;Rettilineo;Una carreggiata a doppio senso;Asciutto;Asfaltata;Assente;Sereno;Normale;Buona;Ore Diurne;1;0;0;3;12.44742;41.87555;-1;1;Autovettura privata;In marcia / fermata / arresto;Conducente;F;Illeso;0;;;
2360197;16;30/04/2015 13:30;Strada Urbana;PIAZZA S. GIOVANNI DI DIO;in corrispondenza;;del civico n.;24;;Scontro frontale/laterale DX fra veicoli in marcia;Rettilineo;Una carreggiata a doppio senso;Asciutto;Asfaltata;Assente;Sereno;Normale;Buona;Ore Diurne;1;0;0;3;12.44742;41.87555;-1;1;Autovettura privata;In marcia / fermata / arresto;Passeggero;F;Illeso;0;;;
2360197;16;30/04/2015 13:30;Strada Urbana;PIAZZA S. GIOVANNI DI DIO;in corrispondenza;;del civico n.;24;;Scontro frontale/laterale DX fra veicoli in marcia;Rettilineo;Una carreggiata a doppio senso;Asciutto;Asfaltata;Assente;Sereno;Normale;Buona;Ore Diurne;1;0;0;3;12.44742;41.87555;-1;2;Autovettura privata;Sosta;Passeggero;M;Illeso;0;;;
2360197;16;30/04/2015 13:30;Strada Urbana;PIAZZA S. GIOVANNI DI DIO;in corrispondenza;;del civico n.;24;;Scontro frontale/laterale DX fra veicoli in marcia;Rettilineo;Una carreggiata a doppio senso;Asciutto;Asfaltata;Assente;Sereno;Normale;Buona;Ore Diurne;1;0;0;3;12.44742;41.87555;-1;3;Motociclo a solo;In marcia / fermata / arresto;Conducente;M;Rimandato;0;NON DECEDUTO;Non accertato;